Station Codes,Station Names,Origin,Pass,Terminate
ACND,A N DEV NAGAR,0,8,0
AHA,ABHAIPUR,0,43,0
ABS,ABOHAR,1,15,0
ABR,ABU ROAD,0,87,0
ULD,ACHALDA,0,4,0
AH,ACHHNERA JN,0,36,0
ADD,ADAS ROAD,0,4,0
ADVI,ADAVALI,0,6,0
AAR,ADESAR,0,2,0
ADTL,ADHARTAL,1,4,1
ADQ,ADHIKARI,0,2,0
ADST,ADI SAPTAGRAM,0,1,0
ADB,ADILABAD,1,8,1
ADF,ADINA,0,2,0
AI,ADIPUR,0,10,0
ADTP,ADITYAPUR,0,10,0
AD,ADONI,0,50,0
ADRA,ADRA JN,0,42,0
ANDI,ADRSH NGR DELHI,0,3,0
ADT,ADUTURAI,0,4,0
AGC,AGRA CANTT,5,144,5
AF,AGRA FORT,4,42,4
AHD,AHERWADI,0,2,0
AHH,AHMADGARH,0,9,0
ANG,AHMADNAGAR,0,58,0
AMP,AHMADPUR JN,0,21,0
ADI,AHMEDABAD JN,37,144,36
ARW,AHRAURA ROAD,0,2,0
ASH,AISHBAGH,0,28,0
AIT,AIT,0,11,0
ATMO,AITHAL,0,4,0
AJK,AJAKOLLU,0,1,0
AIA,AJARAKA,0,2,0
AJP,AJJAMPUR,0,7,0
AII,AJMER JN,22,76,22
AJNI,AJNI,1,23,1
AKOR,AKALKOT ROAD,0,6,0
AKT,AKALTARA,0,26,0
AKE,AKANAPET,0,8,0
AMY,AKATHUMURI,0,2,0
AKJ,AKBARGANJ,0,6,0
AKN,AKBARNAGAR,0,14,0
ABP,AKBARPUR,0,41,0
AKVD,AKIVIDU,0,24,0
API,AKKARAIPPATTI,0,2,0
AKD,AKODIA,0,15,0
AK,AKOLA JN,1,99,1
AKR,AKOLNER,0,6,0
AYRN,AKSHAYWAT R NGR,0,5,0
AKRD,AKURDI,0,3,0
ACOI,ALAHABAD CHEOKI,0,57,0
ALAI,ALAI,0,2,0
ALM,ALAMANDA,0,2,0
AMG,ALAMNAGAR,0,15,0
ALMR,ALAMPUR,0,6,0
ALPR,ALAMPUR ROAD,0,1,0
ALER,ALER,0,14,0
AIG,ALGAWAN,0,2,0
ALB,ALIA BADA,0,4,0
ALJN,ALIGARH JN,0,66,0
APDJ,ALIPUR DUAR JN,2,18,2
ALY,ALLAHABAD CITY,1,18,1
ALD,ALLAHABAD JN,5,152,6
ALLP,ALLEPPEY,3,40,4
LMT,ALMATTI,0,10,0
LWR,ALNAVAR JN,0,22,0
AUB,ALUABARI ROAD,0,20,0
AWY,ALUVA,0,111,0
ALW,ALWAL,0,2,0
AWR,ALWAR,0,60,0
AGZ,AMAGURA,0,2,0
AN,AMALNER,0,32,0
AML,AMALSAD,0,11,0
ARD,AMARDA ROAD,0,2,0
AGR,AMARGARH,0,4,0
AGL,AMARGOL,0,2,0
APA,AMARPURA,0,2,0
AXA,AMARSAR,0,2,0
AADR,AMB  ANDAURA,1,2,1
AGB,AMBAGAON,0,2,0
UMB,AMBALA CANT JN,3,183,3
UBC,AMBALA CITY,0,41,0
AMPA,AMBALAPPUZHA,0,18,0
ABLE,AMBALE,0,1,0
ABFC,AMBARI FALAKATA,0,2,0
ABH,AMBARNATH,0,6,0
ABU,AMBATTUR,0,2,0
ABI,AMBATURAI,0,2,0
ABKA,AMBIKA KALNA,0,13,0
AMBR,AMBIKA ROHINA,0,2,0
ABKP,AMBIKAPUR,3,1,2
ABD,AMBLI ROAD,0,6,0
UMN,AMBLIYASAN,0,2,0
AMB,AMBODALA,0,20,0
AB,AMBUR,0,23,0
UDR,AMDARA,0,6,0
AME,AMETHI,0,43,0
AGN,AMGAON,0,14,0
AGI,AMGURI,0,8,0
AMLA,AMLA JN,0,47,0
AAL,AMLAI,0,19,0
AMLI,AMLI,0,2,0
ANB,AMMANABROLU,0,6,0
AMSA,AMMASANDRA,0,5,0
AMQ,AMMUGUDA,0,2,0
AONI,AMONI,0,2,0
AMI,AMRAVATI,5,0,5
AMC,AMRITAPURA,0,2,0
ASR,AMRITSAR JN,33,13,32
AMRO,AMROHA,0,44,0
AKP,ANAKAPALLE,0,55,0
ANND,ANAND JN,0,147,0
ANDN,ANAND NAGAR,0,4,0
ANVR,ANAND VIHAR,0,2,0
ANVT,ANAND VIHAR TRM,39,0,39
ANF,ANANDAPURAM,0,4,0
ANSB,ANANDPUR SAHIB,0,10,0
ATP,ANANTAPUR,0,72,0
ANE,ANANTARAJUPET,0,2,0
APT,ANAPARTI,0,23,0
ANR,ANARA,0,15,0
ANAS,ANAS,0,4,0
AVN,ANAVARDIKHANPET,0,2,0
ACL,ANCHELI,0,5,0
UDL,ANDAL JN,0,36,0
ADH,ANDHERI,0,22,0
ADL,ANDUL,0,2,0
AAM,ANGADIPPURAM,0,2,0
AFK,ANGAMALI,0,32,0
ANGL,ANGUL,0,37,0
ANO,ANJANI,0,4,0
AJE,ANJAR,0,8,0
AJI,ANJHI SHAHABAD,0,14,0
ANK,ANKAI,0,8,0
AKV,ANKLESHWAR JN,0,61,0
ANKL,ANKOLA,0,10,0
ANH,ANKORAH AKORHA,0,10,0
ANV,ANNAVARAM,0,35,0
NGR,ANNIGERI,0,15,0
ATH,ANTAH,0,2,0
ANTU,ANTU,0,10,0
AUBR,ANUGRAHA N ROAD,0,41,0
APR,ANUPPUR JN,0,57,0
AO,AONLA,0,20,0
APTA,APTA,0,4,0
ARA,ARA JN,0,80,0
AJJ,ARAKKONAM JN,0,95,0
ARK,ARAKKU,0,2,0
AAY,ARALVAYMOZHI,0,6,0
ARN,ARAND,0,2,0
ANMD,ARANG MAHANADI,0,2,0
ARQ,ARARIYA COURT,0,4,0
AVRD,ARAVALI ROAD,0,6,0
AVK,ARAVANKADU,0,4,0
ARPL,AREPALLI HALT,0,2,0
ARGD,ARIGADA,0,1,0
ALU,ARIYALUR,0,22,0
AS,ARJANSAR,0,2,0
AJU,ARJUNI,0,2,0
ARMU,ARMUR,0,2,0
ARE,ARNETHA,0,2,0
ARV,ARNI ROAD,0,8,0
ARNA,ARNIA,0,2,0
ASK,ARSIKERE JN,0,58,0
ANY,ARUMUGANERI,0,2,0
APK,ARUPPUKKOTTAI,0,4,0
AYV,ARYANKAVU,0,2,0
AFR,ASAFPUR,0,4,0
JOB,ASALPUR JOBNER,0,19,0
ASN,ASANSOL JN,8,171,8
AST,ASAOTI,0,5,0
AQG,ASHAPURA GOMAT,0,11,0
ASKN,ASHOK NAGAR,0,26,0
ASAF,ASIFABAD ROAD,0,2,0
ANA,ASLANA,0,3,0
ASL,ASLAODA,0,2,0
AT,ASNOTI,0,2,0
AAS,ASRANADA,0,2,0
AWM,ASWAPURAM,0,2,0
ATT,ATARI,2,0,2
ATE,ATARRA,0,16,0
ATL,ATHMAL GOLA,0,18,0
ATRU,ATRU,0,2,0
ATS,ATTABIRA,0,6,0
AL,ATTILI,0,14,0
ATU,ATTUR,0,4,0
ATUL,ATUL,0,2,0
AJRE,AUJARI,0,2,0
AED,AULENDA,0,2,0
ARJ,AUNRIHAR JN,0,37,0
ANAH,AUNTA HALT,0,3,0
AWB,AURANGABAD,3,44,3
OSA,AUSA ROAD,0,1,0
AVS,AUVANESWSAREM,0,4,0
AUWA,AUWA,0,2,0
AVD,AVADI,0,3,0
ALAT,AVULADATLA,0,1,0
ATNR,AWATARNAGAR,0,2,0
AY,AYODHYA,0,40,0
AMH,AZAMGARH,3,20,3
AZR,AZAMNAGAR ROAD,0,12,0
AZ,AZIMGANJ JN,2,23,2
BEY,B CEMENT NAGAR,0,8,0
BGNR,B.G.NAGAR,0,4,0
BTP,BABATPUR,0,15,0
BV,BABHNAN,0,21,0
BAB,BABINA,0,25,0
BBA,BABRALA,0,4,0
BUPH,BABUPETH,0,2,0
BCHL,BACHELI,0,2,0
BCN,BACHHRAWAN,0,19,0
BCA,BACHWARA JN,0,14,0
BDM,BADAMI,0,12,0
BPB,BADARPUR JN,0,4,0
BDWS,BADARWAS,0,6,0
BDXX,BADE ARAPUR,0,2,0
BDWA,BADHWA BARA,0,5,0
BDZ,BADKULLA,0,4,0
BHB,BADLA GHAT,0,4,0
BUD,BADLAPUR,0,6,0
BHD,BADLI,0,2,0
BUDM,BADMAL,0,12,0
BDU,BADNAPUR,0,8,0
BD,BADNERA JN,0,79,0
BDDR,BADODAR,0,1,0
BNZ,BADSHAHNAGAR,0,36,0
BSE,BADSHAHPUR,0,10,0
BLPR,BADULIPAR,0,2,0
BWS,BADWASI,0,2,0
BUG,BAGAHA,0,18,0
BGHI,BAGAHAI ROAD,0,4,0
BGA,BAGALIA,0,2,0
BGK,BAGALKOT,1,14,1
BGBR,BAGBAHRA,0,14,0
BEH,BAGDIHI,0,12,0
BSRX,BAGEVADI RD,0,10,0
BGH,BAGHAULI,0,4,0
BORA,BAGHDOGRA,0,2,0
BJQ,BAGHORA,0,3,0
BGPL,BAGHUAPAL,0,2,0
BZN,BAGNAN,0,8,0
BGTA,BAGRA TAWA,0,6,0
BQN,BAGRI NAGAR,0,2,0
BGX,BAGRI SAJJANPUR,0,2,0
BGMR,BAGUMRA,0,5,0
BAGD,BAGWADA (HALT),0,2,0
BWB,BAGWALI,0,2,0
BSS,BAHADUR SINGH W,0,2,0
BGZ,BAHADURGARH,0,35,0
BPD,BAHADURPUR,0,3,0
BHI,BAHERI,0,6,0
BJ,BAHJOI,0,4,0
BGUA,BAIGUDA,0,2,0
BATL,BAIHATOLA,0,12,0
BKTH,BAIKUNTH P H,0,2,0
BRH,BAIKUNTHPUR RD,0,6,0
BGU,BAIRAGNIA,0,8,0
BTV,BAITARANI ROAD,0,4,0
BYPL,BAIYYAPPANAHALI,0,2,0
BLA,BAJALTA,0,2,0
BJG,BAJRANGARH,0,2,0
BJUD,BAJUD,0,3,0
BJW,BAJVA,0,4,0
BQE,BAKANIAN BHAUNR,0,3,0
BQQ,BAKHLETA,0,3,0
BKP,BAKHTIYARPUR JN,0,95,0
BKTL,BAKTAL,0,3,0
BLRD,BALA ROAD,0,2,0
BLM,BALAMU JN,0,24,0
BABR,BALANAGAR,0,2,0
BLGR,BALANGIR,1,34,1
BLPE,BALAPALLE,0,2,0
BRAM,BALARAMAPURAM,0,1,0
BLS,BALASORE,0,119,0
BLW,BALAWALI,0,2,0
BLR,BALGANUR,0,2,0
BPQ,BALHARSHAH,2,127,2
BCK,BALICHAK,0,4,0
BVU,BALIPARA,0,2,0
BVH,BALLABGARH,0,27,0
BYC,BALLARI CANTT,0,4,0
BAY,BALLARI JN,0,31,0
BAHI,BALLENAHALLI,0,2,0
BLLI,BALLI,0,2,0
BUI,BALLIA,1,48,1
BLY,BALLY,0,1,0
BLT,BALOTRA JN,0,10,0
BPRH,BALPUR HALT,0,2,0
BLP,BALRAMPUR,1,0,1
BALU,BALUGAON,0,56,0
BLGT,BALURGHAT,3,0,3
BMU,BAMHRAULI,0,1,0
BMLL,BAMLA,0,2,0
BMI,BAMNIA,0,12,0
BMB,BAMRA,0,23,0
BAMR,BAMUR,0,4,0
BYN,BANAHI,0,12,0
BPF,BANAPURA,0,13,0
BNO,BANAR,0,2,0
BNS,BANAS,0,2,0
BAND,BANASWADI,2,20,2
BNSA,BANBASA,0,2,0
BNDA,BANDA JN,0,18,0
BNU,BANDAKPUR,0,11,0
BDW,BANDANWARA,0,3,0
BDC,BANDEL JN,0,79,0
BR,BANDH BARETA,0,2,0
BKI,BANDIKUI JN,0,61,0
BDTS,BANDRA TERMINUS,31,0,33
BWT,BANGARAPET,0,63,0
BGY,BANGRIPOSI,1,0,1
BOD,BANGROD,0,4,0
BANI,BANI,0,2,0
BAKA,BANKA,1,0,1
BKG,BANKA GHAT,0,8,0
BTK,BANKATA,0,6,0
BKH,BANKHEDI,0,8,0
BQA,BANKURA,0,38,0
BNKI,BANMANKHI JN,0,4,0
BAO,BANMOR,0,3,0
BNA,BANNI KOPPA,0,4,0
BANO,BANO,0,8,0
BPS,BANPAS,0,2,0
BIQ,BANSI PAHARPUR,0,2,0
BSQP,BANSIPUR,0,14,0
BSKO,BANSKHO,0,2,0
BSPX,BANSPANI,0,2,0
BNLW,BANSTHALI NIWAI,0,19,0
BGG,BANTA RNATHGARH,0,2,0
BLL,BANTANAHAL,0,5,0
BNTL,BANTAWALA,0,6,0
BTRA,BANTHRA,0,2,0
BAF,BAP,0,2,0
BPP,BAPATLA,0,42,0
BMKI,BAPUDM MOTIHARI,0,20,0
BAR,BAR,0,2,0
BJMD,BARA JAMDA,0,6,0
BRM,BARABAMBO,0,6,0
BBK,BARABANKI JN,0,73,0
BBM,BARABHUM,0,17,0
BBN,BARABIL,3,0,3
BCQ,BARACHAK,0,4,0
BUA,BARADWAR,0,10,0
BAGL,BARAGOPAL,0,2,0
BHLE,BARAHAT,0,4,0
BRHU,BARAHU,0,2,0
BRR,BARAKAR,0,17,0
BARL,BARAL,0,3,0
BAZ,BARAN,0,16,0
BRAG,BARANG,0,4,0
BRPS,BARAPALASI,0,2,0
RAA,BARARA,0,11,0
BJU,BARAUNI JN,6,114,6
BTU,BARAUT,0,2,0
BBTR,BARBATPUR,0,4,0
BCRD,BARCHI ROAD,0,3,0
BWN,BARDDHAMAN JN,0,146,0
BIY,BARDOLI,0,9,0
BE,BAREILLY,8,117,8
BRY,BAREILLY,0,2,0
BC,BAREILLY CITY,0,10,0
BJD,BAREJADI,0,6,0
BQM,BARELIPUR,0,2,0
BRZ,BARETA,0,8,0
BET,BARETH,0,2,0
BRG,BARGARH,0,6,0
BRGA,BARGARH ROAD,0,36,0
BRGW,BARGAWAN,0,4,0
BARH,BARH,0,60,0
BHW,BARHARWA JN,0,24,0
BRYA,BARHIYA,0,49,0
BBMN,BARI BRAHMAN,0,8,0
BUP,BARIARPUR,0,28,0
BPO,BARIPADA,0,2,0
BRW,BARIWALA,0,2,0
BRKA,BARKA KANA,2,26,1
BKA,BARKHERA,0,2,0
BSYA,BARKISALALYA,0,2,0
BKJ,BARKUR,0,6,0
BLAX,BARLAI,0,4,0
BME,BARMER,5,2,3
BNG,BARNAGAR,0,4,0
BNN,BARNALA,0,21,0
BOF,BAROG,0,6,0
BRPL,BARPALI,0,16,0
BXP,BARPATHAR,0,6,0
BPRD,BARPETA ROAD,0,22,0
BP,BARRACKPORE,0,14,0
BJR,BARRAJPUR,0,2,0
BYS,BARSALI,0,2,0
BTW,BARSI TOWN,0,15,0
BOE,BARSOI JN,0,60,0
BZO,BARSOLA,0,3,0
BBGN,BARUA BAMUNGAON,0,2,0
BRUD,BARUD,0,2,0
BNDI,BARUNDANI,0,1,0
BWR,BARWA SAGAR,0,6,0
BRWD,BARWADIH JN,0,19,0
BXC,BARWALA,0,4,0
BZY,BASAI,0,5,0
BSPL,BASAMPALLE,0,2,0
BSTP,BASANTAPUR,0,2,0
BSX,BASAR,0,23,0
BTG,BASHARATGANJ,0,4,0
BSKR,BASI KIRATPUR,0,2,0
BMF,BASMAT,0,16,0
BANE,BASNI,0,2,0
BAI,BASSI,0,2,0
BSSL,BASSI BERISAL,0,3,0
BSPN,BASSI PATHANAM,0,2,0
BTS,BASTA,0,8,0
BST,BASTI,0,67,0
BSKH,BASUKINATH,0,2,0
BU,BASWA,0,9,0
BAT,BATALA JN,0,9,0
BSLE,BATASPUR,0,2,0
BTIC,BATHINDA CANTT.,0,4,0
BVA,BAURIA JN,0,4,0
BWL,BAWAL,0,8,0
BWK,BAWANI KHERA,0,2,0
BXN,BAYANA JN,0,39,1
BUT,BAYTU,0,8,0
BZLE,BAZARSAU,0,7,0
BPZ,BAZPUR,0,4,0
BEAS,BEAS,0,78,0
BER,BEAWAR,0,46,0
BMT,BEGAMPET,0,42,0
BGS,BEGU SARAI,0,52,0
BEG,BEHTAGOKUL,0,2,0
BFR,BEKAL FORT,0,3,0
BELA,BELA,0,6,0
BTX,BELA TAL,0,4,0
BGM,BELAGAVI,0,36,0
BLK,BELAKOBA,0,5,0
BAP,BELAPUR,0,40,0
BEB,BELDANGA,0,10,0
BIG,BELGAHNA,0,14,0
BYL,BELHA,0,19,0
BELD,BELKHERA,0,2,0
BPA,BELLAMPALLI,0,34,0
BPH,BELPAHAR,0,14,0
BLSN,BELSONDA,0,2,0
BLTR,BELTHARA ROAD,0,19,0
BWD,BELVANDI,0,6,0
BNC,BENGALURU CANT,4,54,4
BNCE,BENGALURU EAST,0,14,0
BEHR,BEOHARI,0,8,0
BRNA,BERAWANYA,0,2,0
BCH,BERCHHA,0,37,0
BPC,BERHAMPORE CRT,0,10,0
BRMO,BERMO,0,5,0
BMH,BETAMCHERLA,0,14,0
BEW,BETAVAD,0,4,0
BTPD,BETHAMPUDI,0,4,0
BTY,BETHUADAHARI,0,10,0
BTQ,BETNOTI,0,2,0
BTH,BETTIAH,0,18,0
BZU,BETUL,0,79,0
BNL,BEVINAHALU,0,5,0
BAH,BHABHAR,0,2,0
BFT,BHABTA,0,4,0
BBU,BHABUA ROAD,0,53,0
BCOB,BHACHAU BG,0,20,0
BDN,BHADAN,0,2,0
BUU,BHADANPUR,0,2,0
BWH,BHADAURA,0,16,0
BBAI,BHADBHUNJA,0,5,0
BDI,BHADLI,0,6,0
BOY,BHADOHI,0,36,0
BDCR,BHADRACHALAM RD,0,6,0
BHC,BHADRAK,0,97,0
BDVT,BHADRAVATI,0,8,0
VAA,BHAGA JN,0,2,0
BGP,BHAGALPUR,12,26,12
BGKT,BHAGAT KI KOTHI,5,7,5
BQG,BHAGWANGOLA,0,8,0
BNR,BHAGWANPUR,0,12,0
BGPR,BHAGWANPURA,0,2,0
BRU,BHAIROGANJ,0,2,0
BOG,BHAIRONGARH,0,4,0
BKPT,BHAKARAPET,0,2,0
BKNG,BHAKTI NAGAR,0,13,0
BHLK,BHALKI,0,14,0
BFM,BHALUI,0,10,0
BKRD,BHALUKA ROAD F,0,7,0
BLMR,BHALUKMARA,0,2,0
BUL,BHALULATA,0,4,0
BLMK,BHALUMASKA,0,2,0
BAK,BHAN KARI,0,2,0
BNP,BHANAPUR,0,6,0
BUX,BHANDAK,0,5,0
BRD,BHANDARA ROAD,0,35,0
BHME,BHANDARIDAH,0,4,0
BHU,BHANDU MOTIDAU,0,2,0
BHNS,BHANSI,0,2,0
BNVD,BHANVAD,0,5,0
BHTK,BHANWAR TONK,0,6,0
BTKP,BHARAT KUP,0,4,0
BTE,BHARATPUR JN,0,75,0
BHRL,BHAROLI,0,2,0
BNT,BHARTHANA,0,18,0
BH,BHARUCH JN,0,105,0
BSZ,BHARWA SUMERPUR,0,4,0
BRE,BHARWARI,0,11,0
BYT,BHATAPARA,0,70,0
BHTL,BHATEL,0,4,0
BTI,BHATINDA JN,3,43,4
BTSD,BHATISUDA(HALT),0,2,0
BHTA,BHATIYA,0,10,0
BTJL,BHATKAL,0,28,0
BTT,BHATNI JN,0,45,0
BHTR,BHATPAR RANI,0,14,0
BHT,BHATTU,0,2,0
BVP,BHAVANAGAR PARA,0,8,0
BVNR,BHAVANI NAGAR,0,3,0
BVC,BHAVNAGAR TRMUS,9,0,9
BWM,BHAWANI MANDI,0,40,0
BWIP,BHAWANIPATNA,0,2,0
BYR,BHAYANDAR,0,1,0
BDH,BHEDIA,0,4,0
BHJA,BHEJA,0,2,0
BRGT,BHERAGHAT,0,2,0
BFY,BHESANA,0,2,0
BHET,BHESTAN,0,5,0
BGVN,BHIGWAN,0,12,0
BLD,BHILAD,0,7,0
BIA,BHILAI,0,8,0
BPHB,BHILAI PWR HS,0,29,0
BQR,BHILAINAGAR,0,6,0
BVQ,BHILAVDI,0,7,0
BLDI,BHILDI,0,12,0
BHL,BHILWARA,0,36,0
BMD,BHIMADOLU,0,4,0
BMN,BHIMANA,0,2,0
BVRM,BHIMAVARAM JN,0,8,0
BVRT,BHIMAVARAM TOWN,0,24,0
BMKJ,BHIMKHOJ,0,2,0
BMRN,BHIMRANA,0,3,0
BZM,BHIMSEN,0,11,0
BIX,BHIND,1,0,1
BWA,BHINWALIYA,0,2,0
BTO,BHITAURA,0,2,0
BHTN,BHITONI,0,4,0
BIRD,BHIWANDI ROAD,0,34,0
BNW,BHIWANI,1,14,1
BNWC,BHIWANI CITY,0,2,0
BDMJ,BHODWAL MAJRI,0,32,0
BPRS,BHOGPUR SIRWAL,0,1,0
BPR,BHOJIPURA JN,0,6,0
BOJ,BHOJO,0,6,0
BJE,BHOJUDIH JN,1,10,1
BOKR,BHOKAR,0,4,0
BOKE,BHOKE,0,4,0
BHNE,BHONE,0,4,0
BGQ,BHONGAON,0,4,0
BG,BHONGIR,0,18,0
BPL,BHOPAL  JN,12,193,11
BPKA,BHOPALKA,0,4,0
BFJ,BHORAS BUDRUKH,0,3,0
BRTK,BHORTEX,0,4,0
BBS,BHUBANESWAR,22,141,22
BCU,BHUCHCHU,0,8,0
BHUJ,BHUJ,7,0,7
BSJ,BHUPALSAGAR,0,2,0
BEF,BHUPDEOPUR,0,4,0
VPO,BHUPIA MAU,0,2,0
BHKD,BHURKUNDA,0,2,0
BSDP,BHUSANDPUR,0,4,0
BSL,BHUSAVAL JN,6,214,6
BN,BIBINAGAR,0,8,0
BID,BIDADI,0,16,0
BIDR,BIDAR,2,14,2
BNXR,BIDHAN NAGAR,0,13,0
BQP,BIGHAPUR,0,2,0
BEHS,BIHAR SHARIF,0,6,0
BEA,BIHIYA,0,22,0
BTA,BIHTA,0,24,0
BJNR,BIJAINAGAR,0,24,0
BJV,BIJAURIA,0,2,0
VST,BIJAYSOTA,0,4,0
BJO,BIJNOR,0,7,0
BIJR,BIJOOR,0,4,0
BJRI,BIJURI,0,15,0
BWSN,BIJWASAN,0,1,0
BKN,BIKANER JN,13,22,13
BVL,BIKKAVOLU,0,1,0
BKSL,BIKRAM SHILA,0,4,0
BMR,BIKRAMPUR,0,2,0
BSP,BILASPUR JN,14,84,13
BLQR,BILASPUR ROAD,0,10,0
BILD,BILDI,0,3,0
BLWR,BILESHWAR,0,1,0
BZG,BILGA,0,2,0
BLG,BILHAR GHAT,0,1,0
BLU,BILHAUR,0,4,0
BIM,BILIMORA JN,0,18,0
BLPU,BILPUR,0,6,0
BWI,BILWAI,0,6,0
BINA,BINA JN,0,130,0
MAKR,BINA MALKHEDI,0,16,0
BKO,BINDKI ROAD,0,4,0
BNV,BINNAGURI,0,8,0
BDWL,BIRADHWAL,0,4,0
BAMA,BIRAMBAD,0,2,0
BRMD,BIRAMDIH,0,2,0
BMK,BIRANG KHERA,0,2,0
BRPT,BIRAPATTI,0,1,0
BRBS,BIRBANS,0,3,0
BIJ,BIRNAGAR,0,4,0
BRLY,BIROLIYA,0,2,0
BRS,BIRSINGHPUR,0,21,0
RRB,BIRUR JN,0,44,0
BIWK,BISALWAS KALAN,0,1,0
BTJ,BISHNATHGANJ,0,2,0
VSU,BISHNUPUR,0,26,0
BSPR,BISHRAMPUR,0,6,0
BZR,BISRA,0,8,0
BMCK,BISSAMCUTTACK,0,6,0
BGSF,BISUGIRSHARIF,0,2,0
BVN,BISWAN,0,2,0
BTTR,BITRAGUNTA,0,22,0
BRRG,BIYAVRA RAJGARH,0,24,0
BOBS,BOBAS,0,1,0
VBL,BOBBILI,0,25,0
BDVR,BODDAVARA,0,2,0
BHBK,BODHADI BUJRUG,0,2,0
BDWD,BODWAD,0,8,0
BNE,BOHANI,0,2,0
BONA,BOINDA,0,19,0
BOR,BOISAR,0,36,0
BXJ,BOKAJAN,0,12,0
BKSC,BOKARO STL CITY,1,54,1
BKRO,BOKARO THERMAL,0,8,0
BLX,BOLAI,0,3,0
BMO,BOLARUM,0,10,1
BOZ,BOLARUM BAZAR,0,2,0
BHP,BOLPUR S NIKTN,1,59,1
BLSA,BOLSA,0,5,0
BQI,BOMMIDI,0,11,0
BKL,BONA KALU,0,4,0
BNDM,BONDAMUNDA,0,15,0
BNGN,BONGAIGAON,0,2,0
BXY,BORDHAI,0,5,0
BIO,BORDI,0,4,0
BDLN,BORDOLONI,0,2,0
BFD,BORHAT,0,2,0
BRND,BORIDAND,0,12,0
BVI,BORIVALI,0,98,0
BOT,BOROTI,0,2,0
BGHU,BORRAGUHALLU,0,2,0
BTL,BORTALAO,0,2,0
BRVR,BORVIHIR,0,3,0
BTD,BOTAD JN,0,21,0
BMPL,BRAHMANPALLI,0,2,0
BAM,BRAHMAPUR,0,106,0
BRJN,BRAJRAJNAGAR,0,20,0
BRLA,BRAYLA CHAURASI,0,2,0
BINR,BRIJ NAGAR,0,2,0
BAL,BUDALUR,0,8,0
BEM,BUDAUN,0,2,0
BDY,BUDDIREDDIPPATI,0,2,0
BDHY,BUDHI,0,2,0
BLZ,BUDHLADA,0,12,0
BNI,BUDNI,0,4,0
BDVL,BUDVEL,0,3,0
BSC,BULANDSHAHR,1,3,0
BUDI,BUNDI,0,14,0
BNDP,BUNIADPUR,0,6,0
BRGL,BURGULA HALT,0,1,0
BAU,BURHANPUR,0,50,0
BUH,BURHAR,0,23,0
BUW,BURHWAL,0,12,0
BURN,BURNPUR,0,17,0
BTR,BUTARI,0,2,0
BTBR,BUTI BORI,0,2,0
BXR,BUXAR,0,82,0
BDRL,BYADARAHALLI,0,4,0
BYD,BYADGI,0,6,0
CBU,C BABUSAMUDRAM,0,2,0
KOP,C SHAHUMHARAJ T,12,1,12
CSTM,C SHIVAJI MAH T,0,0,4
CSMT,C SHIVAJI MAH T,47,0,45
CNO,CANCONA,0,10,0
CRLM,CARMELARAM,0,8,0
CLR,CASTLE ROCK,0,15,0
CV,CAUVERY,0,1,0
CVB,CAVALRY BARRCKS,0,3,0
CHB,CHABUA,0,2,0
CBK,CHACHAURA BNGJ,0,10,0
CHCR,CHACHER,0,2,0
CBSA,CHAIBASA,0,4,0
CNPR,CHAINPUR,0,4,0
CW,CHAINWA,0,4,0
CJL,CHAJLI,0,2,0
CHBT,CHAKARBHATA P H,0,2,0
CPL,CHAKARLAPALLI,0,2,0
CDH,CHAKDAHA,0,4,0
CKDL,CHAKDAYALA,0,6,0
CAA,CHAKIA,0,20,0
CKP,CHAKRADHARPUR,1,55,1
CKOD,CHAKROD,0,3,0
CKS,CHAKSU,0,1,0
CKU,CHAKULIA,0,14,0
CKX,CHAKUR,0,2,0
CKI,CHALAKUDI,0,32,0
CMZ,CHALAMA,0,6,0
CLI,CHALGERI,0,2,0
CSN,CHALISGAON JN,0,39,0
CHKE,CHALLAKERE,0,4,0
CLPE,CHALLAVARIPALLE,0,2,0
CHM,CHALTHAN,0,7,0
CJR,CHAMARAJ,0,2,0
CPH,CHAMPA JN,0,47,0
CPN,CHAMPANER RD JN,0,2,0
CPS,CHAND SIAU,0,7,0
CAF,CHANDA FORT,0,2,0
CGR,CHANDAN NAGAR,0,10,0
CTPE,CHANDANATTOP,0,2,0
CDMR,CHANDAULI MJHWR,0,6,0
CH,CHANDAUSI JN,0,26,0
CNL,CHANDAWAL,0,2,0
CNA,CHANDERIYA,0,13,0
CNDM,CHANDI MANDIR,0,7,0
CHD,CHANDIA ROAD,1,11,1
CDG,CHANDIGARH,16,25,16
CNI,CHANDIL JN,0,23,0
CLDY,CHANDLODIYA,0,12,0
CNK,CHANDOK,0,6,0
CGI,CHANDRAGIRI,0,1,0
CDGR,CHANDRAKONA RD,0,12,0
CD,CHANDRAPUR,0,78,0
CRP,CHANDRAPURA JN,0,51,0
CND,CHANDUR,0,16,0
CNDB,CHANDUR BAZAR,0,4,0
CGY,CHANGANASERI,0,30,0
CGS,CHANGSARI,0,4,0
CHNN,CHANNANI,0,1,0
CPT,CHANNAPATNA,0,24,0
CNPA,CHANNARAYAPATNA,0,4,0
CX,CHANOL,0,2,0
CAI,CHANPATIA,0,4,0
CPK,CHAPARMUKH JN,0,29,0
CJS,CHARAMULA KUSUM,0,4,0
CKD,CHARKHI DADRI,0,6,0
CHZ,CHARLAPALLI,0,6,0
CHV,CHARVATTUR,0,14,0
CHJ,CHATA,0,9,0
CTR,CHATRA,0,2,0
CHPT,CHATRAPPATTI,0,2,0
CAP,CHATRAPUR,0,32,0
CTS,CHATTRIPUT,0,2,0
CMU,CHAU MAHLA,0,14,0
CHOK,CHAUK,0,2,0
CHH,CHAUKHANDI,0,4,0
CUX,CHAURA,0,4,0
CC,CHAURI CHAURA,0,13,0
CSA,CHAUSA,0,12,0
CKB,CHAUTH KA BRWRA,0,7,0
CVJ,CHAVAJ,0,2,0
CHLK,CHAVALKHEDE,0,4,0
CHA,CHAWAPALL,0,1,0
CEM,CHEKATE G PALEM,0,4,0
CGL,CHENGALPATTU,2,60,2
MS,CHENNAI EGMORE,21,31,21
CSDR,CHENNASANDRA,0,2,0
SRT,SATUR,0,45,0
CQA,CHERUKARA,0,2,0
CTND,CHETTINAD,0,4,0
CAG,CHHABRA GUGOR,0,6,0
CHNR,CHHAN ARORIAN,0,4,0
CAER,CHHANERA,0,14,0
CHP,CHHAPI,0,6,0
CPR,CHHAPRA,9,85,8
CI,CHHAPRA KACHERI,0,4,0
CE,CHHARODI,0,2,0
CHRA,CHHARRA,0,2,0
CJN,CHHATNA,0,6,0
CYI,CHHAYAPURI,0,26,0
CWA,CHHINDWARA JN,2,0,3
CPDR,CHHIPADOHAR,0,4,0
COO,CHHOTI ODAI,0,2,0
CLF,CHHULHA,0,6,0
CDM,CHIDAMBARAM,0,24,0
CCA,CHIGICHERLA,0,3,0
CEU,CHIHERU,0,1,0
BAW,CHIK BANAVAR,0,11,0
CTH,CHIKALTHAN,0,6,0
CKHS,CHIKHLI,0,2,0
JRU,CHIKJAJUR JN,0,15,0
CKNI,CHIKNI ROAD,0,2,0
CKR,CHIKODI ROAD,0,2,0
CLU,CHILAKALAPUDI,0,4,0
CIL,CHILBILA JN,0,4,0
CLDR,CHILIKIDARA,0,2,0
CLKA,CHILKA,0,6,0
CHR,CHILKAHAR,0,3,0
CLO,CHILO,0,2,0
CMW,CHIMALPAHAD,0,4,0
CMDP,CHIMIDIPALLI,0,2,0
CNC,CHINCHLI,0,4,0
CPD,CHINCHPADA,0,7,0
CCH,CHINCHVAD,0,20,0
CJM,CHINNA GANJAM,0,11,0
CHSM,CHINNA SALEM,0,4,0
CCI,CHINNEKUNTAPALI,0,1,0
CLE,CHINTALPALLI,0,2,0
CHMG,CHINTPURNI MARG,0,2,0
CHI,CHIPLUN,0,40,0
CPP,CHIPURUPALLE,0,14,0
CLX,CHIRALA,0,60,0
CRWA,CHIRAWA,0,2,0
CGN,CHIRGAON,0,11,0
CHRM,CHIRMIRI,4,0,5
CBN,CHIT BARAGAON,0,2,0
CIT,CHITALI,0,6,0
CTF,CHITGIDDA,0,4,0
CTA,CHITRADURG,0,6,0
CKTD,CHITRAKUTDHAM K,0,18,0
CTTP,CHITRAPUR (H),0,2,0
CTT,CHITRASANI,0,2,0
CT,CHITTAPUR,0,22,0
CRJ,CHITTARANJAN,0,88,0
COR,CHITTAURGARH,0,44,0
CTO,CHITTOOR,1,38,1
CTYL,CHITYALA,0,4,0
CHL,CHOLA,0,4,0
COM,CHOMUN SAMOD,0,2,0
CPU,CHOPAN,0,17,0
CHRG,CHORGI,0,2,0
CVR,CHORVAD ROAD,0,3,0
CTKT,CHOTI KHATU,0,4,0
CUE,CHOUPALE,0,2,0
CNS,CHUCHURA,0,6,0
CDA,CHUDA,0,5,0
CRU,CHUDAWA,0,6,0
CAR,CHUNAR,0,25,0
CHTL,CHURARU TAKARLA,0,2,0
CUK,CHURK,0,3,0
CUR,CHURU,0,18,0
CMA,CINNAMARA,0,2,0
CBJ,CLUTTERBUCKGANJ,0,2,0
CBE,COIMBATORE JN,15,83,15
CBF,COIMBATORE NRTH,0,8,0
CLJ,COLONELGANJ,0,14,0
ONR,COONOOR,1,2,1
CSZ,COSSIMBAZAR,0,6,0
CUPJ,CUDDALORE PORT,0,12,0
HX,CUDDAPAH,1,40,1
CTC,CUTTACK,0,129,0
DBR,DABHAURA,0,17,0
DBV,DABILPUR,0,2,0
DQR,DABIRPURA,0,2,0
DBLA,DABLA,0,2,0
DBI,DABLI RATHAN,0,2,0
DBF,DABPAL,0,2,0
DBA,DABRA,0,41,0
DUB,DABTARA,0,6,0
DDR,DADAR,4,11,4
DR,DADAR,10,87,10
DPH,DADHAPARA,0,1,0
DPX,DADPUR,0,2,0
DER,DADRI,0,1,0
DAO,DAGHORA,0,4,0
DGS,DAGORI,0,1,0
DRD,DAHANU ROAD,0,29,0
DKBJ,DAHAR KA BALAJI,0,2,0
DZB,DAHINA ZAINABAD,0,2,0
DHD,DAHOD,1,76,1
DKNT,DAKANIYA TALAV,0,8,0
DAKE,DAKHINESWAR,0,12,0
DL,DALADI,0,4,0
DLD,DALAUDA,0,2,0
DLQ,DALELNAGAR,0,2,0
DLO,DALGAON,0,10,0
DLK,DALKOLHA,0,27,0
DMW,DALMAU JN,0,2,0
DLC,DALMERA,0,2,0
DSS,DALSINGH SARAI,0,33,0
DTO,DALTONGANJ,0,27,0
DCU,DAMALCHERUVU,0,1,0
DMNJ,DAMANJODI,0,6,0
DMO,DAMOH,1,53,1
DNR,DANAPUR,8,67,8
DPL,DANAULI PHLWRIA,0,2,0
DND,DANDUPUR,0,6,0
DNEA,DANEA,0,2,0
DNW,DANGARWA,0,2,0
DPS,DANGOAPOSI,0,6,0
DNWH,DANIYAWAN BZR H,0,3,0
DNT,DANTAN,0,4,0
DWZ,DANTEWARA,0,2,0
DTRA,DANTRA,0,2,0
DAPD,DAPODI,0,3,0
DHPR,DAPPAR,0,3,0
DARA,DARA,0,2,0
DBG,DARBHANGA JN,9,30,9
DKS,DAREKASA,0,2,0
DJ,DARJEELING,5,0,3
DPC,DARLIPUT,0,2,0
DTL,DARRITOLA,0,4,0
DYD,DARYABAD,0,18,0
DRTP,DASHARATHPUR,0,6,0
DS,DASNA,0,2,0
DZA,DASUYA,0,29,0
DAA,DATIA,0,35,0
DTVL,DATIVLI,0,4,0
DDP,DAUDPUR,0,4,0
DLB,DAULATABAD,0,6,0
DLPC,DAULATPUR CHAUK,1,0,1
DLPH,DAULATPUR HAT,0,2,0
DD,DAUND JN,1,105,1
DOZ,DAURAI,1,2,1
DRLA,DAURALA,0,1,0
DMH,DAURAM MADHPURA,0,4,0
DO,DAUSA,0,50,0
DVG,DAVANGERE,0,47,0
DYE,DAYANAND NAGAR,0,2,0
DDU,DD UPADHYAYA JN,1,230,1
DEB,DEBAGRAM,0,6,0
DEEG,DEEG,0,2,0
DDDM,DEEN DAYAL DHAM,0,2,0
DNA,DEGANA JN,0,44,0
DDN,DEHRADUN,18,3,15
DOS,DEHRI ON SONE,0,63,0
DEHR,DEHU ROAD,0,8,0
DEG,DELANG,0,4,0
DLI,DELHI,25,44,28
DEC,DELHI CANTT,0,64,0
DKZ,DELHI KISHANGNJ,0,16,0
DEE,DELHI S ROHILLA,19,16,21
DSJ,DELHI SAFDARJNG,0,6,0
DSA,DELHI SHAHDARA,0,26,0
DBD,DEOBAND,0,28,0
DGHR,DEOGHAR,1,2,1
DJHR,DEOJHAR,0,2,0
DOE,DEORI,0,8,0
DEOS,DEORIA SADAR,0,65,0
DOTL,DEOTALA,0,2,0
DPUR,DEPUR PH,0,2,0
DRL,DEROL,0,14,0
DRWN,DEROWAN P. H.,0,4,0
DES,DESARI,0,8,0
DSO,DESHNOK,0,16,0
DSL,DESWAL,0,2,0
DKO,DEVAKOTTAI ROAD,0,10,0
DAV,DEVALGAON AUCHR,0,5,0
DPE,DEVARAPALLI,0,2,0
DAD,DEVARGUDDA,0,2,0
DKC,DEVARKADRE,0,1,0
DBEC,DEVBALODA CHRDA,0,6,0
DVL,DEVLALI,0,38,0
DPZ,DEVPURA,0,1,0
DWG,DEWANGANJ,0,3,0
DWX,DEWAS,0,56,0
DABN,DHABAN,0,6,0
DAKA,DHAKA,2,0,2
DLGN,DHALGAON,0,2,0
DHRY,DHALPUKHURI,0,2,0
DMGN,DHAMALGAON,0,2,0
DMN,DHAMANGAON,0,28,0
DHT,DHAMARA GHAT,0,4,0
DPR,DHAMPUR,0,14,0
DXK,DHANA KHERLI,0,2,0
DNK,DHANAKYA,0,4,0
DIR,DHANAPUR ORISSA,0,2,0
DNRE,DHANAURI,0,2,0
DHN,DHANBAD JN,10,84,9
DDL,DHANDARI KALAN,0,4,0
DQN,DHANERA,0,8,0
DNM,DHANMANDAL,0,6,0
DNX,DHANSU,0,2,0
DAVM,DHANUVACHAPURAM,0,2,0
DML,DHARAMTUL,0,2,0
DXG,DHARANGAON,0,12,0
DRS,DHARESHWAR,0,2,0
DRW,DHAREWADA,0,2,0
DRH,DHARHARA,0,18,0
DHW,DHARIWAL,0,5,0
DAB,DHARMABAD,1,17,1
DPJ,DHARMAPURI,0,20,0
DMM,DHARMAVARAM JN,0,81,0
DMP,DHARMPUR HMCHL,0,6,0
DIH,DHARUADIHI,0,4,0
DRR,DHARUR,0,2,0
DWR,DHARWAR,3,45,3
DAS,DHASA JN,0,2,0
DHO,DHAULPUR,0,40,0
DWLE,DHAUNI,0,2,0
DUA,DHAURA,0,11,0
DHA,DHEENA,0,3,0
DKJR,DHEKIAJULI ROAD,0,2,0
DWD,DHEKVAD,0,5,0
DGPP,DHENGLI PP GOAN,0,4,0
DGW,DHIGAWARA,0,2,0
DOD,DHODHAR,0,2,0
DOH,DHODRA MOHAR,0,2,0
DKY,DHOKI,0,1,0
DLJ,DHOLA JN,0,19,0
DOL,DHOLI,0,20,0
DNDI,DHONDI,0,3,0
DHNE,DHONE,0,54,0
DHG,DHRANGDHRA,0,21,0
DHU,DHUBULIA,0,4,0
DHI,DHULE,2,0,1
DGLE,DHULIAN GANGA,0,9,0
DKT,DHULKOT,0,1,0
DQG,DHUPGURI,0,27,0
DUI,DHURI JN,0,46,0
DRSN,DHURWASIN P H,0,12,0
DTV,DHUTRA,0,4,0
DIB,DIBAI,0,2,0
DBRG,DIBRUGARH,9,2,9
DBRT,DIBRUGARH TOWN,1,0,1
DIA,DIDWANA,0,6,0
DGU,DIGARU,0,2,0
DBY,DIGBOI,0,2,0
DGHA,DIGHA,6,0,6
DGA,DIGHWARA,0,24,0
DXR,DIGSAR,0,4,0
DMT,DIGUVAMETTA,0,16,0
DIL,DILAWARNAGAR,0,3,0
DLN,DILDARNAGAR JN,0,38,0
DMK,DILMILI,0,2,0
DMV,DIMAPUR,2,29,2
DNN,DINA NAGAR,0,3,0
DG,DINDIGUL JN,0,71,0
DING,DING,0,2,0
DKGS,DINKAR GRAM SIM,0,6,0
DPU,DIPHU,0,33,0
DISA,DISA,0,8,0
DIVA,DIVA,1,2,1
DINR,DIVINE NAGAR,0,8,0
DTP,DIVITI PALLI,0,1,0
DWV,DIWANKHAVATI,0,4,0
DTRD,DIYATARA ROAD,0,2,0
DEOR,DIYODAR,0,4,0
DHE,DOBHI,0,2,0
DBU,DODBALLAPUR,0,14,0
DBL,DODBELE,0,3,0
DKLU,DOIKALLU,0,2,0
DWO,DOIWALA,0,10,0
DMG,DOMINGARH,0,2,0
DKD,DONAKONDA,0,16,0
DDE,DONDAICHA,0,20,0
DGG,DONGARGARH,0,34,0
DNV,DONKINAVALASA,0,2,0
DOA,DORAHA,0,9,0
DKJ,DORNAKAL JN,0,28,0
DSD,DOSVADA,0,4,0
DADN,DR AMBEDKAR NGR,4,0,4
DUBH,DUBAHA,0,2,0
DXN,DUDDHINAGAR,0,7,0
DUD,DUDHANI,0,12,0
DIG,DUGGIRALA,0,6,0
DJG,DULIAJAN,0,6,0
DLR,DULLAHAPUR,0,15,0
DDJ,DUM DUM,0,4,0
DY,DUMARIYA,0,2,0
DUMK,DUMKA,1,2,1
DURE,DUMRAON,0,30,0
DMBR,DUMRI BIHAR,0,1,0
DMRX,DUMRI HALT,0,9,0
DRI,DUMRI JUARA,0,2,0
DMRT,DUMURIPUT,0,2,0
DOR,DUNDARA,0,4,0
DDCE,DUNDI,0,4,0
DOB,DUNDLOD MKDGRH,0,2,0
DGI,DUNGRI,0,7,0
DJX,DUNGRIPALI,0,4,0
DDA,DURAUNDHA JN,0,8,0
DURG,DURG,15,85,16
DGR,DURGAPUR,0,123,0
DPA,DURGAPURA,0,43,0
DGO,DURGAUTI,0,10,0
DAJ,DUROJI,0,8,0
DUSI,DUSI,0,2,0
DVD,DUVVADA,0,73,0
DWP,DWARAPUDI,0,21,0
DWK,DWARKA,0,26,0
EDN,EDAMANN,0,2,0
EVA,EDAVAI,0,2,0
EDD,EDDULADODDI,0,4,0
EKM,EKAMBARAKUPPAM,0,8,0
EKR,EKANGARSARAI,0,3,0
EKC,EKCHARI,0,8,0
EKI,EKLAKHI,0,8,0
EKMA,EKMA,0,8,0
ELM,ELIMALA,0,2,0
YLM,ELLAMANCHILI,0,27,0
ENB,ELLENABAD,0,2,0
EE,ELURU,0,99,0
ERL,ERANIEL,0,12,0
ERS,ERNAKULAM JN,19,49,19
ERN,ERNAKULAM TOWN,0,75,0
ED,ERODE JN,1,137,2
YP,ERRUPALEM,0,5,0
ETW,ETAWAH JN,0,55,0
ETUE,ETMADPUR,0,1,0
ETM,ETTUMANUR,0,4,0
EKN,EZHUKONE,0,2,0
FD,FAIZABAD JN,3,53,2
FYZ,FAIZULLAPUR,0,1,0
FKB,FAKHRABAD,0,2,0
FKM,FAKIRAGRAM JN,0,11,0
FLK,FALAKATA,0,6,0
FM,FALAKNUMA,0,4,0
FA,FALNA,0,75,0
FDB,FARIDABAD,0,68,0
FDN,FARIDABAD NW TN,0,3,0
FDK,FARIDKOT,0,16,0
FBD,FARRUKHABAD,1,20,1
FSP,FATEH SINGHPURA,0,8,0
FTD,FATEHABAD CH.JN,0,4,0
FGR,FATEHGARH,0,8,0
FGSB,FATEHGARH SAHIB,0,2,0
FAN,FATEHNAGAR,0,12,0
FTP,FATEHPUR,0,29,0
FTS,FATEHPUR SIKRI,0,6,0
FPS,FATEHPUR SKHWTI,0,2,0
FUT,FATWA,0,59,0
FKA,FAZILKA,1,0,1
FK,FEROK,0,21,0
FZD,FIROZABAD,0,36,0
FZR,FIROZPUR CANT,5,10,5
FBG,FORBESGANJ,0,4,0
FKG,FURKATING JN,0,23,0
FTG,FURSATGANJ,0,4,0
GDPL,G POCHAMPALLI,0,2,0
GRCP,G.RAMACHANDRAPU,0,2,0
GCH,GACHHIPURA,0,4,0
GHLE,GADADHARPUR,0,2,0
GDG,GADAG JN,0,36,0
GAR,GADARWARA,0,29,0
GNR,GADIGANURU,0,2,0
GWD,GADWAL,0,38,0
GLTA,GAHLOTA,0,2,0
GMR,GAHMAR,0,20,0
GPI,GAJAPATINAGARAM,0,2,0
GAJB,GAJARA BAHARA,0,2,0
GJJ,GAJJELAKONDA,0,6,0
GJN,GAJNER,0,2,0
GJL,GAJRAULA JN,0,26,0
GJS,GAJSINGHPUR,0,2,0
GLE,GAJULAGUDEM,0,2,0
GAGA,GALGALIA,0,2,0
GUD,GALUDIH,0,4,0
GRF,GAMBHIRI ROAD,0,2,0
GMH,GAMHARIA,0,6,0
GUR,GANAGAPUR ROAD,0,14,0
GNU,GANAUR,0,15,0
GIMB,GANDHIDHAM BG,8,14,8
GNC,GANDHINAGAR CAP,2,6,2
GADJ,GANDHINAGAR JPR,0,55,0
GHPU,GANDHIPURAM HAL,0,4,0
GNST,GANDHISMRITI,0,1,0
GAJ,GANESHGANJ,0,7,0
GGAR,GANGADHARA,0,5,0
GNGD,GANGADHARPUR,0,2,0
GANG,GANGAGANJ,0,2,0
GJ,GANGAJHARI,0,2,0
GNH,GANGAKHER,0,19,0
GGC,GANGAPUR CITY,0,46,0
GRMP,GANGARAMPUR,0,6,0
GPY,GANGAYAPALLE,0,2,0
GNW,GANGIWARA,0,3,0
GGR,GANGRAR,0,2,0
GJUT,GANGSAR JAITU,0,14,0
BAQ,GANJ BASODA,0,48,0
GWA,GANJ DUNDWARA,0,2,0
GAM,GANJAM,0,4,0
GRB,GARH DHRUBESWAR,0,2,0
GUG,GARH JAIPUR,0,2,0
GHX,GARHARA,0,2,0
GBA,GARHBETA,0,10,0
GHH,GARHI HARSARU,0,11,0
GRMR,GARHI MANIKPUR,0,5,0
GMS,GARHMUKTESAR,0,17,0
GGB,GARHMUKTESAR BR,0,4,0
GHQ,GARHWA,0,9,0
GVI,GARIVIDI,0,2,0
GLA,GARLA,0,6,0
GDE,GARLADINNE,0,3,0
GOH,GAROT,0,10,0
GPH,GARPOS,0,10,0
GRBL,GARUDUBILLI,0,2,0
GHD,GARWA ROAD,0,29,0
GTW,GATORA,0,4,0
GAUR,GAUR,0,2,0
GRX,GAURA,0,1,0
GB,GAURI BAZAR,0,11,0
GBD,GAURIBIDANUR,0,22,0
GNG,GAURIGANJ,0,24,0
GTST,GAUTAMSTHAN,0,1,0
GAYA,GAYA JN,5,92,5
GBE,GAYABARI,0,2,0
GZO,GAZOLE,0,6,0
GZL,GAZULAPALLI,0,6,0
GEK,GEGAL AKHRI,0,2,0
GER,GERATPUR,0,3,0
GTJT,GETOR JAGATPURA,0,17,0
GAD,GEVRA ROAD,2,0,0
GHGL,GHAGWAL,0,6,0
GANL,GHANAULI,0,2,0
GNP,GHANPUR,0,10,0
GRA,GHARAUNDA,0,8,0
GTU,GHAT NANDUR,0,3,0
GKB,GHATAKA VARANA,0,2,0
GTM,GHATAMPUR,0,4,0
GEA,GHATERA,0,3,0
GT,GHATKESAR,0,2,0
GPB,GHATPRABHA,0,22,0
GTS,GHATSILA,0,20,0
GZB,GHAZIABAD,0,165,0
GCT,GHAZIPUR CITY,1,28,1
GGA,GHOGA,0,10,0
GDX,GHOKSADANGA,0,2,0
GVD,GHOLVAD,0,5,0
GDYA,GHORADONGRI,0,41,0
GRH,GHORASAHAN,0,5,0
GRMA,GHORMARA,0,2,0
GPR,GHORPURI,0,5,0
GH,GHUGHULI,0,2,0
GHUM,GHUM,0,6,0
GGT,GHUNGHUTI,0,3,0
GTK,GHUTKU,0,6,0
GIZ,GIDAM,0,2,0
GID,GIDDALUR,0,16,0
GDB,GIDDARBAHA,0,14,0
GHR,GIDHAUR,0,21,0
GILL,GILL,0,2,0
GIN,GINIGERA,0,6,0
GRD,GIRIDIH,2,0,2
GMDN,GIRIMAIDAN,0,2,0
GW,GIRWAR,0,3,0
GADH,GOALDIH,0,2,0
GLPT,GOALPARA TOWN,0,24,0
GDQ,GODAMGURA,0,2,0
GVN,GODAVARI,0,7,0
GDA,GODHRA JN,0,60,0
GOM,GOGAMUKH,0,2,0
GOA,GOHAD ROAD,0,2,0
GHNA,GOHANA,0,2,0
GPZ,GOHPUR,0,4,0
GOL,GOILKERA,0,13,0
GKK,GOKAK ROAD,0,2,0
GOK,GOKARNA ROAD,0,10,0
GLGT,GOLAGHAT,0,2,0
GLNA,GOLANA HALT,0,2,0
GJH,GOLDINGANJ,0,2,0
GLY,GOLLAPALLY,0,2,0
GLP,GOLLAPROLU,0,5,0
GTNR,GOMATI NAGAR,0,9,0
GTT,GOMTA,0,1,0
GD,GONDA JN,2,77,2
GDL,GONDAL,0,15,0
G,GONDIA JN,4,86,4
GNVR,GONDWANAVISAPUR,0,1,0
GNA,GONEANA B JAGTA,0,6,0
GY,GOOTY,0,72,0
GKC,GORAKHPUR CANT,0,3,0
GKP,GORAKHPUR JN,28,63,29
GPJ,GORAPUR,0,2,0
GRL,GORAUL,0,8,0
GRY,GORAYA,0,7,0
GNO,GOREGAON ROAD,0,4,0
GVR,GORESWAR,0,2,0
GRJA,GORINJA,0,2,0
GSPR,GOSALPUR,0,6,0
GGJ,GOSHAINGANJ,0,24,0
GOGH,GOSSAIGAON HAT,0,2,0
GOTN,GOTAN,0,29,0
GTE,GOTHAJ,0,4,0
GTX,GOTHANGAM,0,4,0
GTLM,GOTLAM,0,2,0
GDO,GOVERDHAN,0,2,0
GVG,GOVINDGARH,0,11,0
GND,GOVINDGARH MALK,0,2,0
GBX,GOVINDPUR ROAD,0,6,0
GOY,GOVINDPURI,0,8,0
GWV,GOWDAVALLI,0,4,0
GBB,GUBBI,0,3,0
GDI,GUDGERI,0,2,0
GMA,GUDIMETTA,0,5,0
GDV,GUDIVADA JN,0,28,0
GYM,GUDIYATTAM,0,13,0
GVL,GUDLAVALLERU,0,4,0
GDM,GUDMA,0,2,0
GDR,GUDUR JN,1,137,1
GJD,GUJHANDI,0,5,0
GLG,GULABHGANJ,0,7,0
GBP,GULABPURA,0,2,0
GLH,GULAOTHI,0,2,0
GUH,GULDHAR,0,1,0
GED,GULEDAGUDDA RD,0,6,0
GGD,GULLAGUDA,0,4,0
GZH,GULZARBAGH,0,12,0
GMDA,GUMADA,0,2,0
GMAN,GUMANI,0,2,0
GMIA,GUMIA,0,7,0
GMM,GUMMAN,0,2,0
GPD,GUMMIDIPUNDI,0,2,0
GTF,GUMTHAL,0,2,0
GMTO,GUMTO,0,2,0
GUNA,GUNA,0,44,0
GKM,GUNDLA KAMMA,0,4,0
GUU,GUNDRATIMADUGU,0,2,0
GTL,GUNTAKAL JN,0,92,0
GNT,GUNTUR JN,5,38,5
GMD,GURAMKHEDI,0,2,0
GRRU,GURARU,0,14,0
GSP,GURDASPUR,0,7,0
GGN,GURGAON,0,59,0
GRI,GURIYA,0,2,0
GQL,GURLA,0,6,0
GRN,GURNAY,0,2,0
GAP,GURPA,0,2,0
GRO,GURRA,0,2,0
GHJ,GURSAHAIGANJ,0,4,0
GSW,GURSAR SHNEWALA,0,2,0
GUV,GURUVAYUR,1,0,1
GKH,GUSKARA,0,22,0
GHY,GUWAHATI,18,29,19
GWL,GWALIOR,7,139,7
GYN,GYANPUR ROAD,0,30,0
NZM,H NIZAMUDDIN,44,82,47
NED,H SAHIB NANDED,15,40,14
HWX,HABAIPUR,0,2,0
HBJ,HABIBGANJ,6,65,6
HDP,HADAPSAR,0,4,0
HDD,HADDINAGUNDU,0,4,0
HM,HADMATIYA JN,0,4,0
HFZ,HAFIZPETA,0,4,0
HZR,HAFIZPUR,0,2,0
HGI,HAGARI,0,5,0
HYT,HAIAGHAT,0,12,0
HDN,HAIDARNAGAR,0,10,0
HGH,HAIDERGARH,0,8,0
HJP,HAJIPUR JN,0,88,0
HKP,HAKIMPUR,0,2,0
HLKT,HALAKATTA,0,1,0
HLDR,HALDAUR,0,7,0
HLDD,HALDI ROAD,0,4,0
HLZ,HALDIA,2,0,2
HDB,HALDIBARI,3,0,3
HIP,HALDIPADA,0,2,0
HDW,HALDWANI,0,16,0
HLR,HALISAHAR,0,2,0
HVD,HALVAD,0,8,0
HMRR,HAMARAPUR,0,4,0
HOJ,HAMILTONGANJ,0,2,0
HMR,HAMIRA,0,2,0
HMG,HAMIRGARH,0,2,0
HAR,HAMIRPUR ROAD,0,2,0
HNK,HANAKERE,0,4,0
HDK,HANDIA KHAS,0,2,0
HSDA,HANSDIHA,0,2,0
HNS,HANSI,0,4,0
HNMN,HANUMAN STATION,0,1,0
HMH,HANUMANGARH JN,0,18,0
HMO,HANUMANGARHTOWN,0,2,0
HAPA,HAPA,3,39,3
HPU,HAPUR,0,59,0
HGL,HARANGUL,0,3,0
HRN,HARAUNI,0,2,0
HCP,HARCHANDPUR,0,8,0
HD,HARDA,0,43,0
HDE,HARDAS BIGHA,0,4,0
HRI,HARDOI,0,61,0
HDU,HARDUA,0,3,0
HCNR,HARICHANDANPUR,0,2,0
HW,HARIDWAR JN,11,40,11
HRR,HARIHAR,1,33,1
HIR,HARINAGAR,0,10,0
HAD,HARIPPAD,0,18,0
HP,HARIPUR,0,4,0
HCR,HARISCHANDRPUR,0,17,0
HSK,HARISHANKER RD,0,10,0
HKL,HARKIA KHAL,0,2,0
HMY,HARMUTI,0,6,0
HRT,HARNAUT,0,4,0
HRPG,HARPALGANJ,0,4,0
HPP,HARPALPUR,0,13,0
HRV,HARRAD,0,12,0
HRW,HARRAWALA,0,6,0
HRB,HARRI,0,6,0
HSI,HARSAULI,0,6,0
HAA,HARWADA,0,2,0
HSP,HASANPARTI RD,0,2,0
HPO,HASANPUR ROAD,0,2,0
HSA,HASIMARA,0,10,0
HAS,HASSAN,1,14,1
HAQ,HASTAVARAMU,0,2,0
HN,HATHBANDH,0,8,0
HTZ,HATHIDAH JN,0,41,0
HTZU,HATHIDAH UPPER,0,8,0
HTC,HATHRAS CITY,0,16,0
HRS,HATHRAS JN,0,22,0
HAT,HATHURAN,0,4,0
HTE,HATIA,12,10,10
HTK,HATKANAGALE,0,16,0
HPLE,HATPURAINI,0,2,0
HVR,HAVERI,0,37,0
HZD,HAZARIBAGH RD,0,25,0
HBLN,HBL NAGAR,0,2,0
HBS,HEBSUR,0,2,0
HJL,HEJJALA,0,3,0
HML,HELEM,0,2,0
HGR,HEMAGIRI,0,4,0
HER,HER,0,2,0
HBI,HGRIBOMANAHALLI,0,2,0
HIJ,HIJLI,0,34,0
HIL,HILSA,0,3,0
HEM,HIMAYATNAGAR,0,8,0
HMI,HIMMATANA,0,2,0
HNM,HINAUTARAMBAN,0,2,0
HAN,HINDAUN CITY,0,34,0
HUP,HINDUPUR,0,60,0
HGT,HINGANGHAT,0,33,0
HNL,HINGOLI DECCAN,0,26,0
HRNR,HIRA NAGAR,0,13,0
HKG,HIRAKUD,0,10,0
HRG,HIRDAGARH,0,3,0
HQR,HIRENANDURU,0,2,0
HISE,HIRISAVE,0,2,0
HDA,HIRNODA,0,5,0
HSR,HISAR,6,10,6
HTNL,HITNAL,0,2,0
HDL,HODAL,0,2,0
HJI,HOJAI,0,34,0
HOL,HOL,0,4,0
HLK,HOLALKERE,0,3,0
HLAR,HOLE ALUR,0,8,0
HLN,HOLE NARSIPUR,0,10,0
HBL,HOMBAL,0,2,0
HNA,HONNAVAR,0,14,0
HPT,HOSAPETE JN,1,27,0
HSD,HOSDURGA ROAD,0,7,0
HBD,HOSHANGABAD,0,47,0
HSX,HOSHIARPUR,1,0,1
HSRA,HOSUR,0,20,0
HG,HOTGI,0,14,0
HWH,HOWRAH JN,99,20,100
UBL,HUBBALLI JN,13,52,11
LKT,HULKOTI,0,4,0
HHD,HUNSIHADGIL,0,2,0
HPG,HUPPUGUDA,0,2,0
HYB,HYDERABAD DECAN,17,1,15
IB,IB,0,4,0
ICL,ICHAULI,0,2,0
IPM,ICHCHPURAM,0,24,0
IPL,IDAPLLI,0,7,0
IDH,IDGAH AGRA JN,0,18,0
IGP,IGATPURI,0,94,0
IKK,IKKAR,0,1,0
IKR,IKLEHRA,0,3,0
IAA,INDARA JN,0,19,0
IDG,INDARGARH,0,26,0
IDR,INDI ROAD,0,12,0
INDB,INDORE JN BG,23,13,22
IBL,INDRABIL,0,4,0
INK,INTEKANNE,0,2,0
IQG,IQBAL GADH,0,2,0
IRP,IRAVIPURAM,0,2,0
IJK,IRINJALAKUDA,0,30,0
IGU,IRUGUR,0,2,0
EN,ISAND,0,2,0
ISA,ISARDA,0,5,0
ISH,ISARWARA,0,3,0
IPR,ISLAMPUR,1,0,2
ISM,ISMAILA HARYANA,0,1,0
ET,ITARSI JN,1,240,1
IKI,ITIKYALA,0,1,0
ITA,ITOLA,0,4,0
ITR,ITWARI,3,5,3
IZN,IZZATNAGAR,0,10,0
JBP,JABALPUR,17,106,17
JBX,JABRI,0,3,0
JCL,JADCHERLA,0,16,0
JUD,JAGADHRI,0,1,0
JUDW,JAGADHRI WSHOP,0,21,0
JGD,JAGADISHPUR,0,4,0
JTB,JAGATBELA,0,3,0
JDB,JAGDALPUR,4,2,4
JDL,JAGDEVWALA,0,2,0
JGJ,JAGESHARGANJ,0,2,0
JID,JAGI ROAD,0,25,0
JGN,JAGRAON,0,2,0
JDN,JAGUDAN,0,2,0
JP,JAIPUR,26,110,27
JRMG,JAIRAMNAGAR,0,6,0
JAIS,JAIS,0,16,0
JSM,JAISALMER,7,1,7
JTI,JAITHARI,0,11,0
JES,JAITSAR,0,2,0
JTW,JAITWAR,0,15,0
JWL,JAJIWAL,0,2,0
JJKR,JAJPUR K ROAD,0,86,0
JHL,JAKHAL JN,0,41,0
JKB,JAKHALABANDHA,0,2,0
JLN,JAKHALAUN,0,8,0
JKN,JAKHANIAN,0,13,0
JKPR,JAKHAPURA,0,2,0
JKA,JAKHVADA,0,2,0
JKO,JAKKALACHERUVU,0,2,0
JLL,JALALGANJ,0,13,0
JPD,JALALPUR DHAI,0,2,0
JM,JALAMB JN,0,12,0
JRC,JALANDHAR CANT,0,105,0
JUC,JALANDHAR CITY,1,86,1
JLS,JALESAR ROAD,0,5,0
JER,JALESWAR,0,33,0
JL,JALGAON JN,0,122,0
JNRI,JALINDRI,0,2,0
JALD,JALIYA DEVANI,0,2,0
J,JALNA,1,48,1
JOR,JALOR,0,8,0
JPG,JALPAIGURI,0,6,0
JPE,JALPAIGURI ROAD,0,15,0
JDH,JAM JODHPUR JN,0,2,0
WTJ,JAM WANTHALI,0,4,0
JAMA,JAMA,0,2,0
JMP,JAMALPUR JN,1,44,1
JMV,JAMBARA,0,3,0
JMD,JAMDHA,0,3,0
JMG,JAMGA,0,4,0
JMKT,JAMIKUNTA,0,11,0
JAT,JAMMU TAWI,25,42,26
JAM,JAMNAGAR,2,35,2
JMS,JAMSAR,0,2,0
JMT,JAMTARA,0,27,0
JMU,JAMUI,0,41,0
JMK,JAMUNAMUKH,0,2,0
JNKR,JANAKINAGAR,0,2,0
JNR,JANAKPUR ROAD,0,10,0
JNL,JANDIALA,0,11,0
ZN,JANGAON,0,24,0
JNH,JANGHAI JN,0,37,0
JRLE,JANGIPUR ROAD,0,11,0
NIA,JANJGIR NAILA,0,20,0
JKM,JANKAMPET JN,0,5,0
JNN,JANUNIATNA,0,2,0
JOA,JANWAL,0,5,0
JAO,JAORA,0,13,0
JPL,JAPLA,0,12,0
JRA,JARAIKELA,0,5,0
JSV,JARANDESHWAR,0,3,0
JAN,JARANGDIH,0,3,0
JRJ,JARGAON,0,2,0
JRLI,JAROLI,0,2,0
JRT,JARTI,0,2,0
JLD,JARWAL ROAD,0,16,0
JSME,JASIDIH JN,1,117,1
JSR,JASRA,0,3,0
JGR,JASWANTNAGAR,0,3,0
JTR,JATKANHAR,0,2,0
JTS,JATUSANA,0,2,0
JW,JATWARA,0,2,0
JOP,JAUNPUR CITY,0,26,0
JNU,JAUNPUR JN,0,40,0
JWO,JAWAD ROAD,0,4,0
JWB,JAWAI BANDH,0,20,0
JAL,JAWALI,0,4,0
JSP,JAYASINGPUR,0,9,0
JYG,JAYNAGAR,10,0,10
JHD,JEHANABAD,0,15,0
JJR,JEJURI,0,7,0
JRK,JERUWA KHERA,0,5,0
JLR,JETALSAR JN,0,11,0
JDDA,JETHA P H,0,2,0
JTY,JETHI,0,2,0
JEUR,JEUR,0,16,0
JYP,JEYPORE,0,10,0
JBK,JGMBLA KSHNPRM,0,6,0
JAJ,JHAJHA,1,105,1
JHJ,JHAJJAR,0,2,0
JHW,JHALAWAR ROAD,0,8,0
JAA,JHALIDA,0,22,0
JLW,JHALWARA,0,5,0
JHS,JHANSI JN,4,205,4
JPH,JHANTIPAHARI,0,6,0
JTL,JHAPATER DHAL,0,2,0
JGM,JHARGRAM,0,14,0
JRL,JHARILI,0,2,0
JDI,JHARRADIH,0,4,0
JSG,JHARSUGUDA JN,0,78,0
JSGR,JHARSUGUDA ROAD,0,10,0
JJK,JHINJHAK,0,14,0
JHIR,JHIR,0,2,0
JUL,JHULASAN,0,2,0
JJN,JHUNJHUNUN,0,2,0
JJG,JIAGANJ,0,10,0
JMPT,JIMIDIPETA,0,2,0
JIND,JIND JN,0,36,0
ZRDE,JIRADEI,0,6,0
JKZ,JITAKHERI,0,2,0
JITE,JITE,0,4,0
JPS,JMLPR SHAIKHAN,0,2,0
JOBA,JOBA,0,2,0
JU,JODHPUR JN,16,44,14
JOL,JOGAL,0,2,0
JBN,JOGBANI,2,1,1
JOM,JOGI MAGRA,0,2,0
JGA,JOGIARA,0,2,0
JTJ,JOLARPETTAI,0,143,0
JRW,JORAMOW,0,2,0
JVN,JORAVARNAGAR,0,16,0
JRS,JORAVASAN,0,2,0
JTTN,JORHAT TOWN,1,2,1
JOC,JOYCHANDI PAHAR,0,15,0
JRR,JUGAUR,0,1,0
JGJN,JUGIJAN,0,2,0
JRG,JUGPURA,0,2,0
JUJA,JUJUMURA,0,2,0
JKE,JUKEHI,0,10,0
JNA,JULANA,0,9,0
JND,JUNAGADH JN,0,13,0
JNRD,JUNAGARH ROAD,1,0,1
JNO,JUNNOR DEO,0,5,0
JTO,JUTOGH,0,6,0
JUR,JUTURU,0,2,0
JWP,JWALAPUR,0,12,0
KBPR,KABAKAPUTTUR,0,6,0
KCG,KACHEGUDA,10,28,12
KWN,KACHEWANI,0,2,0
KWH,KACHHWA ROAD,0,4,0
KHNR,KACHNARA,0,1,0
KCNR,KACHNARA ROAD,0,1,0
KVU,KADAKAVUR,0,16,0
KDU,KADAMBUR,0,10,0
KDNL,KADAYANALLUR,0,6,0
KDTN,KADETHAN,0,4,0
KRY,KADIRI,0,9,0
KYM,KADIYAM,0,3,0
KRYP,KADRIDEVARPALLI,0,0,1
DRU,KADUR,0,30,0
KFPR,KAFURPUR,0,2,0
CLG,KAHALGAON,0,20,0
KRAI,KAHET,0,5,0
KH,KAHILIYA,0,2,0
KIV,KAIALSA,0,2,0
KKLR,KAIKALUR,0,24,0
KYT,KAILAHAT,0,1,0
KLPM,KAILASAPURAM,0,2,0
KMA,KAIMA,0,2,0
KLE,KAITHAL,0,2,0
KJ,KAJGAON,0,2,0
KJH,KAJRA,0,21,0
KYF,KAJRAT NAWADIH,0,6,0
KKHT,KAKARGHATTI,0,4,0
COA,KAKINADA PORT,5,0,5
CCT,KAKINADA TOWN,2,10,2
KKGM,KAKIRIGUMMA,0,2,0
KKLU,KAKLUR,0,2,0
KKJ,KAKORI,0,3,0
KQE,KALA AKHAR,0,2,0
KLBG,KALABURAGI,0,62,0
KMH,KALAMALLA,0,2,0
KMRD,KALAMB ROAD,0,1,0
KLMC,KALAMBOLI,0,3,0
KLMG,KALAMBOLI,0,1,0
KAV,KALAMNA,0,2,0
KLNK,KALANAUR KALAN,0,4,0
KNL,KALANWALI,0,4,0
KPP,KALAPIPAL,0,17,0
KCM,KALASAMUDRAM,0,1,0
KLDI,KALDHARI,0,4,0
KAH,KALHAR,0,5,0
KSH,KALI SINDH,0,13,0
KAP,KALIANPUR,0,3,0
KCI,KALIKIRI,0,5,0
KLNP,KALINARYNPUR JN,0,3,0
KPK,KALIPAHARI,0,2,0
KAJ,KALIYAGANJ,0,4,0
KLK,KALKA,12,0,13
KLU,KALLURU,0,5,0
KSWR,KALMESHWAR,0,2,0
KLTR,KALMITAR,0,6,0
KLL,KALOL,0,8,0
KPI,KALPI,0,13,0
KVS,KALSUR,0,2,0
KLG,KALUNGA,0,7,0
KAPG,KALUPARA GHAT,0,10,0
KYN,KALYAN JN,0,221,0
KYND,KALYANADURGA,0,1,0
KYI,KALYANI,0,4,0
KPRD,KALYANPUR ROAD,0,2,0
KYQ,KAMAKHYA,13,42,13
KAMG,KAMAKHYAGURI,0,2,0
KKM,KAMALAPURAM,0,10,0
KLJ,KAMALGANJ,0,2,0
KMNR,KAMALNAGAR,0,12,0
KLPG,KAMALPURGRAM,0,4,0
KMLR,KAMALUR,0,2,0
KXL,KAMARBANDHA ALI,0,2,0
KMC,KAMAREDDI,0,28,0
KQU,KAMARKUNDU,0,8,0
KMAH,KAMATHE,0,4,0
KMLI,KAMLI,0,2,0
KP,KAMPTEE,0,17,0
KWM,KAMPUR,0,10,0
KKET,KAMRUP KHETRI,0,2,0
KMST,KAMSHET,0,6,0
KML,KAMTAUL,0,10,0
KNKT,KANAKOT,0,3,0
KKU,KANAKPURA,0,10,0
KNLS,KANALAS JN,0,4,0
KNLP,KANAMALO PALLE,0,2,0
KASR,KANAS ROAD,0,4,0
KNSR,KANASAR,0,2,0
KUT,KANAUTA,0,2,0
KNS,KANCHAUSI,0,2,0
CJ,KANCHIPURAM,0,4,0
KPA,KANCHRAPARA,0,4,0
KDZ,KANDAGHAT,0,6,0
KDLR,KANDEL ROAD,0,2,0
KND,KANDRA,0,11,0
KGX,KANGINHAL,0,2,0
KNHP,KANHAIPUR,0,4,0
KNHN,KANHAN JN,0,2,0
KZE,KANHANGAD,0,49,0
KNGN,KANHEGAON,0,6,0
KANJ,KANIL,0,4,0
KXP,KANIYAPURAM,0,2,0
KBRV,KANJARI BORIYAV,0,6,0
KKAH,KANKAHA,0,2,0
KKW,KANKAVALI,0,24,0
KKA,KANKI,0,2,0
KPQ,KANNAPURAM,0,16,0
KJN,KANNAUJ,0,18,0
CAN,KANNUR,5,78,5
KANO,KANOH,0,3,0
CPA,KANPUR ANWRGANJ,1,20,1
CNB,KANPUR CENTRAL,10,248,10
KXN,KANSHBAHAL,0,6,0
QSR,KANSRAO,0,2,0
KBJ,KANTABANJI,0,30,0
KTD,KANTADIH,0,2,0
KPL,KANTAKAPALLE,0,2,0
KNT,KANTH,0,8,0
KATI,KANTHI P H,0,12,0
KAWT,KANWAT,0,2,0
CAPE,KANYAKUMARI,9,1,8
KPNA,KAPAN P H,0,4,0
KIN,KAPASAN,0,13,0
KIS,KAPILAS ROAD,0,2,0
KFI,KAPPIL,0,2,0
KPZ,KAPREN,0,5,0
KEH,KAPSETI,0,5,0
CPJ,KAPTANGANJ JN,0,13,0
KXH,KAPURTHALA,0,6,0
KIK,KARAIKAL,3,0,3
KKDI,KARAIKKUDI JN,1,10,1
KJG,KARAJGI,0,3,0
KKB,KARAK BEL,0,4,0
KVLS,KARAKAVALASA,0,2,0
KEB,KARAMBELI,0,5,0
KMS,KARAMNASA,0,8,0
KFD,KARANJADI,0,4,0
KAJG,KARANJGAON,0,6,0
KPO,KARANPURA,0,2,0
KWO,KARAUTA,0,12,0
KDHA,KARCHHA,0,4,0
KY,KARELI,0,25,0
KEG,KARENGI,0,4,0
KRA,KAREPALLI,0,4,0
KRPR,KAREPUR,0,3,0
KGB,KARGI ROAD,0,15,0
KYX,KARHIYA BHADELI,0,3,0
KGW,KARIGANURU,0,4,0
KRMR,KARIMNAGAR,2,0,2
KMDR,KARIMUDDIN PUR,0,2,0
KRS,KARISATH,0,4,0
KJT,KARJAT,0,70,0
KRJD,KARJODA,0,2,0
KKI,KARKELI,0,9,0
KEK,KARKHELI,0,7,0
KMV,KARMAD,0,6,0
KRMI,KARMALI,2,18,2
KAR,KARNA,0,2,0
KUN,KARNAL,0,50,0
KJZ,KARONJI,0,4,0
KPGM,KARPURIGRAM,0,8,0
KRE,KARTARPUR,0,13,0
KPY,KARUNAGAPALLI,0,28,0
KRR,KARUR,0,42,0
KAWR,KARWAR,2,48,2
KSRA,KASARA,0,18,0
KGQ,KASARAGOD,0,72,0
KSJ,KASGANJ,0,18,0
KEI,KASHI,0,24,0
KSC,KASHI CHAK,0,2,0
KPV,KASHIPUR,0,10,0
KSPR,KASHIPURA SARAR,0,2,0
KSTH,KASHTI,0,6,0
KCJ,KASIMPUR,0,4,0
KASU,KASU,0,4,0
KTRH,KATAREAH,0,4,0
KTPR,KATHAL PUKHURI,0,2,0
KTRR,KATHARA ROAD,0,2,0
KGM,KATHGODAM,8,2,6
KEJ,KATHLEEGHAT,0,3,0
KTHU,KATHUA,0,64,0
KIR,KATIHAR JN,5,62,5
KTE,KATNI,0,100,0
KMZ,KATNI MURWARA,0,57,0
KTES,KATNI SOUTH,0,12,0
KATL,KATOL,0,24,0
KTO,KATORA,0,6,0
KPD,KATPADI JN,0,166,0
KEA,KATRA,0,4,0
KTH,KATRASGARH,0,20,0
KWAE,KATWA,0,23,0
KQQ,KAUKUNTLA,0,1,0
KUF,KAURHA,0,2,0
KVZ,KAVALI,0,36,0
KVK,KAVATHE MAHANKL,0,2,0
KVM,KAVUTARAM,0,4,0
KWGN,KAWARGAON,0,2,0
KZY,KAYALPATTINAM,0,2,0
KYJ,KAYANKULAM JN,0,90,0
KAYR,KAYAR,0,2,0
KZK,KAZHAKUTTAM,0,12,0
KZJ,KAZIPET JN,0,85,0
KCKI,KECKHI,0,2,0
KDG,KEDGAON,0,12,0
KLV,KELVA ROAD,0,5,0
KEM,KEM,0,5,0
KNPS,KENDPOSI,0,2,0
KNPR,KENDRAPARA ROAD,0,1,0
KED,KENDUAPADA,0,1,0
KDJR,KENDUJHARGARH,0,2,0
KDKN,KENDUKANA,0,2,0
KGI,KENGERI,0,40,0
KDM,KESAMUDRAM,0,20,0
KVJ,KESHAVGANJ,0,2,0
KSD,KESHOD,0,13,0
KPTN,KESHORAI PATAN,0,8,0
KSNG,KESINGA,0,34,0
KESR,KESRI SINGHPUR,0,2,0
KXT,KETTI,0,4,0
KTGA,KEUTGUDA,0,2,0
KUH,KHACHROD,0,29,0
KZA,KHADA,0,4,0
KDPA,KHADAPA,0,2,0
KK,KHADKI,0,17,0
KGA,KHAGA,0,10,0
KGG,KHAGARIA JN,0,66,0
KGLE,KHAGRAGHAT ROAD,0,15,0
KQD,KHAIRATABAD,0,3,0
KRH,KHAIRTHAL,0,34,0
KJI,KHAJAULI,0,6,0
KURJ,KHAJURAHO,3,0,3
KJW,KHAJWANA,0,2,0
KLRE,KHALARI,0,13,0
KLD,KHALILABAD,0,51,0
KIP,KHALILPUR,0,1,0
KSF,KHALISPUR,0,7,0
KIT,KHALLIKOT,0,10,0
KTJ,KHALTIPUR,0,2,0
KMBL,KHAMBHALIYA,0,26,0
KMT,KHAMMAM,0,78,0
KAN,KHANA JN,0,6,0
KNP,KHANAPUR,0,6,0
KAD,KHANDALA,0,17,0
KBH,KHANDBAARA,0,7,0
KHDI,KHANDERI,0,2,0
KNDP,KHANDIP,0,3,0
KNW,KHANDWA,0,109,0
KNN,KHANNA,0,31,0
KHBJ,KHANNA BANJARI,0,4,0
KNF,KHANUDIH,0,3,0
KHN,KHANYAN,0,1,0
KGP,KHARAGPUR JN,1,153,1
KHRK,KHARAK,0,2,0
KARR,KHARAR,0,6,0
KXG,KHARIA KHANGARH,0,2,0
KRAR,KHARIAR ROAD,0,28,0
KRSA,KHARSALIYA,0,2,0
KHS,KHARSIA,0,20,0
KRW,KHARWA,0,2,0
KHAT,KHAT,0,2,0
KAT,KHATAULI,0,12,0
KHTG,KHATGAON,0,5,0
KHMA,KHATIMA,0,2,0
KWP,KHATIPURA,0,2,0
KHTU,KHATU,0,2,0
KHED,KHED,0,17,0
KSW,KHERI SALWA,0,2,0
KL,KHERLI,0,12,0
KS,KHETA SARAI,0,7,0
KZQ,KHIMEL,0,2,0
KKN,KHIRKIYA,0,17,0
KUX,KHIRSADOH JN,0,3,0
KHDB,KHODIYAR,0,4,0
KOI,KHODRI,0,6,0
KBY,KHOIRABARI,0,2,0
KGS,KHONGSARA,0,6,0
KHC,KHORANA,0,4,0
KRND,KHORASON ROAD,0,16,0
KRBP,KHUDIRAM B PUSA,0,16,0
KUTI,KHUMTAI,0,2,0
KKNA,KHUNKHUNA,0,2,0
KYE,KHURAI,0,26,0
KUR,KHURDA ROAD JN,0,171,0
KUPR,KHURDPUR,0,1,0
KHU,KHURHAND,0,6,0
KWE,KHURIAL,0,4,0
KJY,KHURJA CITY,0,3,0
KRJ,KHURJA JN,0,23,1
KOO,KHUSROPUR,0,38,0
KTT,KHUTBAV,0,4,0
KHH,KICHHA,0,8,0
KKRD,KIKAKUI ROAD,0,5,0
QRP,KILA RAIPUR,0,9,0
KLQ,KILIKOLLUR,0,2,0
KIM,KIM,0,8,0
KNVT,KINWAT,0,10,0
KCT,KIRAKAT,0,2,0
KRDL,KIRANDUL,1,0,1
KLB,KIRAOLI,0,6,0
KRTH,KIRATGARH,0,2,0
KART,KIRATPUR SAHIB,0,6,0
KER,KIRIHRAPUR,0,2,0
KOV,KIRLOSKARVADI,0,15,0
KDTR,KIRODIMALNAGAR,0,4,0
KNE,KISHANGANJ,1,98,1
KSG,KISHANGARH,0,65,0
KSP,KISHANPUR,0,2,0
KGBS,KISHENGARH BLWS,0,2,0
KONY,KISONI,0,3,0
KSTE,KISTAMSETIPALLI,0,6,0
KIUL,KIUL JN,0,125,0
KWI,KIVARLI,0,2,0
KCVL,KOCHUVELI,12,2,12
KAG,KODAGANUR,0,2,0
KQN,KODAIKANAL ROAD,0,31,0
KQR,KODERMA JN,0,62,0
KODI,KODI,0,6,0
KDMR,KODIYAR MANDIR,0,4,0
KMD,KODUMUDI,0,6,0
KOU,KODURU,0,23,0
KWR,KOELWAR,0,6,0
KOHR,KOHIR DECCAN,0,2,0
KEPR,KOIRIPUR,0,8,0
KOJ,KOKRAJHAR,0,41,0
KOL,KOLAD,0,4,0
KLRS,KOLARAS,0,8,0
KLYT,KOLAYAT,0,6,0
KFF,KOLDA,0,5,0
KOAA,KOLKATA,34,2,33
QLN,KOLLAM JN,3,104,3
KLGD,KOLLENGODE,0,2,0
KKTA,KOLLIKHUTAHA,0,2,0
KOLR,KOLNUR,0,2,0
KVGM,KOLVAGRAM,0,2,0
KMK,KOMAKHAN,0,2,0
KMQA,KOMALI,0,2,0
KMX,KOMATIPALLI,0,2,0
KI,KONDAPALLI,0,4,0
KDP,KONDAPURAM,0,16,0
KONN,KONNUR,0,1,0
KPLE,KOPAI,0,2,0
KPG,KOPARGAON,0,68,0
KFA,KOPARIA,0,6,0
KBL,KOPPAL,0,26,0
KRIH,KORAI HALT,0,2,0
KRPU,KORAPUT,0,10,0
KRLA,KORATLA,0,2,0
KRBA,KORBA,3,2,3
KRG,KOREGAON,0,7,0
KUK,KORUKONDA,0,2,0
KSE,KOSAD,0,4,0
KSB,KOSAMBA JN,0,14,0
KO,KOSGI,0,6,0
KSV,KOSI KALAN,0,28,0
KSI,KOSLI,0,2,0
KKP,KOT KAPURA,0,16,0
KOTA,KOTA JN,7,129,7
KBM,KOTABOMMALI,0,4,0
KTKA,KOTAKADRA,0,1,0
KLP,KOTALPUKUR,0,4,0
KPRR,KOTAPAR ROAD,0,6,0
KRL,KOTARLIA,0,4,0
KTW,KOTDWARA,2,0,2
KTCR,KOTHACHERUVU,0,2,0
KTR,KOTHAR,0,2,0
KTHD,KOTHARI ROAD,0,2,0
KOTI,KOTI,0,2,0
KQK,KOTIKULAM,0,4,0
KTKL,KOTLI KALAN,0,2,0
KTMA,KOTMA,0,14,0
KTSH,KOTMI SONAR P H,0,4,0
KSX,KOTSHILA,0,10,0
KYOP,KOTTAPALLI,0,2,0
KKZ,KOTTARAKARA,0,4,0
KTV,KOTTAVALASA,0,15,0
KTYM,KOTTAYAM,0,64,0
KOTT,KOTTUR HALT,0,1,0
KTY,KOTTURU,0,2,0
CVP,KOVILPATTI,0,47,0
KVR,KOVVUR,0,19,0
CLT,KOZHIKKODE,1,90,1
KSN,KRISHNA,0,14,0
KBSH,KRISHNA BALLABH,0,1,0
KCC,KRISHNA CANAL,0,7,0
KCV,KRISHNA CH PURA,0,2,0
KEF,KRISHNAMMAKONA,0,4,0
KRP,KRISHNAPUR,0,4,0
KPU,KRISHNAPURAM,0,2,0
KJM,KRISHNARAJAPURM,0,66,0
KRNR,KRISHNARAJNAGAR,0,10,0
KNJ,KRISHNGR CTY JN,0,10,0
SBC,KSR BENGALURU,30,42,32
KMNC,KUCHAMAN CITY,0,20,0
KCA,KUCHMAN,0,2,0
KUD,KUDACHI,0,17,0
KUDL,KUDAL,0,24,0
KON,KUDALNAGAR,0,2,0
KDN,KUDATINI,0,4,0
KTQ,KUDRA,0,16,0
KDSD,KUDSAD,0,4,0
KUU,KUHURI,0,4,0
KUI,KULALI,0,2,0
QLM,KULEM,0,15,0
KUA,KULHARIA,0,6,0
KLT,KULITALAI,0,4,0
KZT,KULITTHURAI,0,18,0
KZTW,KULITTURAI WEST,0,3,0
KLAR,KULPAHAR,0,11,0
ULT,KULTI,0,12,0
KMSD,KUMAR SADRA,0,2,0
KMME,KUMARDUBI,0,19,0
KMTI,KUMARHATTI,0,5,0
KMU,KUMBAKONAM,0,16,0
KHRJ,KUMBHRAJ,0,6,0
KMQ,KUMBLA,0,6,0
KDPR,KUMEDPUR,0,15,0
KMEZ,KUMHAR MARENGA,0,2,0
KMI,KUMHARI,0,4,0
KBQ,KUMRABAD ROHINI,0,4,0
KT,KUMTA,0,24,0
KTKR,KUMTHA KHURD,0,2,0
KHNM,KUNDA HARNAMGNJ,0,9,0
KUDA,KUNDAPURA,0,30,0
KUV,KUNDARA,0,4,0
KFV,KUNDARA EAST,0,2,0
KD,KUNDARKHI,0,2,0
KNO,KUNDGOL,0,2,0
KDI,KUNDLI,0,3,0
KVG,KUNEANGANJ,0,2,0
KNRT,KUNERU,0,2,0
KIGL,KUNIGAL,0,4,0
KZU,KUNKI,0,2,0
KUP,KUP,0,2,0
KGL,KUPGAL,0,4,0
KPN,KUPPAM,0,27,0
KBA,KURABALAKOTA,0,1,0
KRLI,KURALI,0,2,0
KWV,KURDUVADI,0,53,0
KQT,KURGUNTA,0,6,0
KIF,KURI,0,2,0
KCD,KURICHEDU,0,8,0
KRNT,KURNOOL CITY,1,46,1
KUE,KURSELA,0,14,0
KGN,KURSEONG,2,2,2
KKDE,KURUKSHETRA JN,0,47,0
KZB,KURUMBUR,0,2,0
KXI,KURUMURTHI,0,1,0
KTA,KUSHTALA,0,2,0
KSU,KUSHTAUR,0,2,0
KHM,KUSMHI,0,1,0
KUG,KUSUGALI,0,2,0
KTM,KUTTALAM,0,2,0
KTU,KUTTIPPURAM,0,30,0
KTRK,KUTURUKHAMAR PH,0,2,0
KTK,KYATANEAKERI RD,0,2,0
KIAT,KYATSANDRA,0,2,0
LBN,LABAN,0,2,0
LAV,LABHA,0,10,0
LNH,LACHHMANGARH SK,0,2,0
LMN,LACHHMANPUR,0,5,0
LHN,LACHYAN,0,6,0
LDX,LADDA,0,2,0
LDW,LADHOWAL,0,1,0
LAU,LADNUN,0,6,0
LR,LADPURA,0,2,0
LGCE,LAGARGAWAN,0,2,0
LHB,LAHABON,0,2,0
LSI,LAHERIA SARAI,0,24,0
LHLL,LAHLI,0,2,0
LKBL,LAKHABAWAL,0,4,0
LMC,LAKHAMANCHI,0,2,0
LKE,LAKHERI,0,16,0
LKW,LAKHEWALI,0,2,0
LKY,LAKHMAPUR,0,2,0
LKN,LAKHMINIA,0,12,0
LKNA,LAKHNA,0,2,0
LAE,LAKHOLI,0,2,0
LTR,LAKHTAR,0,3,0
LKKD,LAKKADKOT,0,4,0
LVK,LAKKAVARAPUKOTA,0,2,0
LKD,LAKODARA,0,2,0
LRJ,LAKSAR JN,0,54,0
LMNR,LAKSHMIBAI NGR,0,3,0
LXA,LAKSWA,0,2,0
LKU,LAL KUAN,2,18,2
LGDH,LALAGUDA GATE,0,2,0
LLD,LALAWADI,0,1,0
LLJ,LALGANJ,0,2,0
LGH,LALGARH JN,2,17,1
LGL,LALGOLA,5,0,5
LGO,LALGOPALGANJ,0,7,0
LLI,LALGUDI,0,2,0
LAR,LALITPUR JN,0,63,0
LLR,LALPUR,0,4,0
LPJ,LALPUR JAM,0,4,0
LRU,LALPUR UMRI,0,2,0
LNA,LAMANA,0,2,0
LBA,LAMBHUA,0,12,0
LKG,LAMSAKHANG,0,2,0
LJR,LANJIGARH ROAD,0,7,0
LKA,LANKA,0,22,0
LPN,LAOPANI,0,2,0
LRD,LAR ROAD,0,11,0
LS,LASALGAON,0,23,0
LSR,LASUR,0,24,0
LTHR,LATEHAR,0,21,0
LTD,LATHIDAD,0,4,0
LUR,LATUR,1,13,1
LTRR,LATUR ROAD,0,25,0
LAUL,LAUL,0,1,0
LKMR,LAXMIPUR ROAD,0,6,0
LEDO,LEDO,1,0,1
LHA,LEHRA GAGA,0,9,0
LLGM,LELIGUMA,0,2,0
LDA,LIDHORA KHURD,0,3,0
LPR,LILAPUR ROAD,0,2,0
LMO,LILIYA MOTA,0,2,0
LM,LIMBDI,0,9,0
LBG,LIMBGAON,0,6,0
LMK,LIMKHEDA,0,6,0
LPI,LINGAMPALLI,4,30,4
LPJL,LINGAMPET JAGIT,0,2,0
LMD,LINGANENIDODDI,0,4,0
LNT,LINGTI,0,2,0
LDP,LODIPUR BISHNPR,0,2,0
LHU,LOHARU,0,10,0
LNK,LOHIAN KHAS JN,1,6,1
LSX,LOISINGHA,0,7,0
LTT,LOKMANYATILAK T,57,1,57
LOL,LOLIEM,0,2,0
LNN,LONAND,0,7,0
LNL,LONAVALA,0,114,0
LD,LONDA JN,0,43,0
LONI,LONI,0,4,0
LOA,LORHA,0,3,0
LPH,LOTAPAHAR,0,4,0
LOV,LOVEDALE,0,4,0
LKR,LUCKEESARAI JN,0,48,0
LC,LUCKNOW CITY,0,10,0
LJN,LUCKNOW NE,22,4,22
LKO,LUCKNOW NR,12,178,12
LDH,LUDHIANA JN,0,164,0
LMG,LUMDING JN,1,37,1
LUNI,LUNI JN,0,45,0
LNR,LUNI RICHHA,0,2,0
LKS,LUNKARANSAR,0,14,0
LXR,LUNSERIYA,0,2,0
LUSA,LUSA,0,2,0
MCV,MACHARYA,0,2,0
MKRD,MACHHAKUNDA,0,2,0
MTM,MACHILIPATNAM,3,1,2
MML,MADAN MAHAL,3,25,3
MPL,MADANAPALLE RD,0,9,0
MNC,MADANKATA,0,2,0
MPJ,MADANPUR,0,1,0
MD,MADAR,0,1,0
MDJN,MADAR JN,1,4,1
MDRR,MADAVNAGAR ROAD,0,2,0
MKR,MADDIKERA,0,10,0
MAD,MADDUR,0,21,0
MAO,MADGAON,8,69,8
MA,MADHA,0,4,0
MID,MADHI,0,9,0
MDR,MADHIRA,0,26,0
MDPB,MADHOPUR PUNJAB,0,3,0
MBS,MADHOSINGH,0,5,0
MBI,MADHUBANI,0,20,0
MDP,MADHUPUR JN,1,109,1
MDU,MADURAI JN,11,53,12
MMK,MADURANTAKAM,0,6,0
MWRN,MADWARANI,0,2,0
MGRD,MAGARDOH,0,1,0
MHH,MAGHAR,0,10,0
MUG,MAGRA,0,1,0
DC,MAGUDANCHAVADI,0,1,0
MHBT,MAHABUBNAGAR TO,0,2,0
MHJ,MAHAJAN,0,12,0
MMV,MAHALI MARUP,0,6,0
MHN,MAHANADI,0,2,0
MANG,MAHANAGAR,0,2,0
MSMD,MAHASAMUND,0,26,0
MABD,MAHBUBABAD,0,42,0
MBNR,MAHBUBNAGAR,0,46,0
MAHE,MAHE,0,20,0
MHRG,MAHENDRAGARH,0,10,0
MSK,MAHES KHUNT,0,12,0
MSH,MAHESANA JN,0,91,0
MMD,MAHESHMUNDA,0,4,0
MEP,MAHIDPUR ROAD,0,12,0
MHPR,MAHIYARPUR,0,2,0
MMB,MAHMUDABAD AVDH,0,2,0
MBA,MAHOBA JN,0,15,0
MHO,MAHPUR,0,4,0
MFQ,MAHROI,0,2,0
MHQ,MAHUDA,0,8,0
MHV,MAHUVA JN,1,1,0
MWW,MAHWA,0,2,0
MBG,MAIBONG,0,2,0
MYR,MAIHAR,0,45,0
MINJ,MAIKALGANJ,0,1,0
MWY,MAILARAM,0,2,0
MNQ,MAINPURI JN,0,4,0
MW,MAIRWA,0,18,0
MJBT,MAJBAT,0,2,0
MJG,MAJHAGAWAN,0,8,0
MJL,MAJHOWLIA,0,2,0
MJRI,MAJRI JN,0,14,0
MPR,MAKARPURA,0,2,0
MDE,MAKHDUMPUR GAYA,0,7,0
MXH,MAKHU,0,6,0
MKL,MAKLIDRUG,0,2,0
MKN,MAKRANA JN,0,37,0
MKRA,MAKRERA,0,2,0
MKRN,MAKRONIA,0,7,0
MKC,MAKSI,0,49,0
MKDI,MAKUDI,0,2,0
MJN,MAKUM JN,0,2,0
MKH,MALAKHERA,0,7,0
MXT,MALAKPET,0,4,0
MLNH,MALANCHA,0,2,0
MLAR,MALANPUR,0,2,0
MLZ,MALARNA,0,9,0
MLDT,MALDA TOWN,10,75,9
MET,MALERKOTLA,0,19,0
MAAR,MALHAR,0,2,0
MLG,MALHARGARH,0,2,0
ML,MALHOUR,0,1,0
MVG,MALIGURA,0,2,0
MLD,MALIHABAD,0,6,0
MLPR,MALIPUR,0,18,0
MLHA,MALIYA HATINA,0,9,0
MALB,MALIYA MIYANA,0,10,0
MJF,MALKAJGIRI,0,19,0
MKU,MALKAPUR,0,54,0
MALK,MALKAPUR ROAD,0,2,0
MLK,MALKAPURAM,0,6,0
MQR,MALKHAID ROAD,0,12,0
MLC,MALKISAR,0,2,0
MWX,MALLANWALA KHAS,0,5,0
MLGT,MALLAPPA GATE H,0,4,0
MLP,MALLAPUR,0,4,0
MLV,MALLARPUR,0,10,0
MWM,MALLESWARAM,0,12,0
MKRH,MALLICKPUR HAT,0,2,0
MVW,MALLIVIDU,0,2,0
MYL,MALLIYALA,0,4,0
MOT,MALOUT,0,16,0
MQS,MALSIAN SHAHKHT,0,2,0
MLO,MALUR,0,8,0
MOM,MAMAN,0,1,0
MRM,MAMANDURU,0,2,0
MBM,MAMBALAM,0,13,0
MVF,MANABAR,0,2,0
MNSR,MANAKSAR,0,6,0
MNM,MANAMADURAI JN,0,16,0
MNP,MANANPUR,0,21,0
MOW,MANANWALA,0,1,0
MPA,MANAPARAI,0,10,0
MRE,MANAURI,0,1,0
MCS,MANCHESWAR,0,14,0
MCI,MANCHIRYAL,0,47,0
MNF,MANDA ROAD,0,2,0
MGF,MANDAGERE,0,2,0
MDL,MANDAL,0,4,0
MLGH,MANDALGARH,0,8,0
MMZ,MANDAMARI,0,2,0
MMM,MANDAPAM,0,6,0
MDLE,MANDAR HILL,0,2,0
MMS,MANDASA ROAD,0,2,0
MDS,MANDASOR,1,20,1
MDVL,MANDAVALLI,0,3,0
MURD,MANDAWAR M RD,0,9,0
MDH,MANDHAR,0,2,0
ADR,MANDI ADAMPUR,0,2,0
MABA,MANDI BAMORA,0,21,0
MBY,MANDI DABWALI,0,14,0
MNDR,MANDI DHANAURA,0,7,0
MDDP,MANDI DIP,0,8,0
MNDH,MANDIR HASAUD,0,2,0
MDB,MANDOR,0,3,0
MXK,MANDRAK,0,1,0
MUV,MANDUADIH,10,6,10
MYA,MANDYA,0,46,0
MDGR,MANENDRAGARH,0,9,0
MAM,MANGAL MAHUDI,0,1,0
MAG,MANGALAGIRI,0,18,0
MLI,MANGALIYAWAS,0,2,0
MAQ,MANGALURU CNTL,18,5,17
MAJN,MANGALURU JN,1,60,1
MNI,MANGAON,0,15,0
MUM,MANGAPATNAM,0,2,0
MGL,MANGELA,0,2,0
MGG,MANGLIYA GAON,0,4,0
MGLP,MANGOLPURI,0,1,0
MGRL,MANGROLLA,0,4,0
MHU,MANHERU,0,2,0
MHI,MANIHARI,1,0,1
MAGH,MANIKGARH,0,4,0
MKP,MANIKPUR,1,59,0
MIK,MANIKUL,0,2,0
MAN,MANINAGAR,0,32,0
MJBK,MANJARI BUDRUK,0,4,0
MJS,MANJESHWAR,0,5,0
MHT,MANJHI,0,2,0
MUR,MANKAPUR JN,0,49,0
MNAE,MANKAR,0,7,0
MKB,MANKATHA,0,12,0
MANK,MANKI,0,2,0
MMR,MANMAD JN,5,168,5
MQ,MANNARGUDI,4,0,4
MOB,MANOHARABAD,0,2,0
MNJ,MANOHARGANJ,0,3,0
MOU,MANOHARPUR,0,18,0
MOA,MANOPAD,0,1,0
MSZ,MANSA,0,14,0
MNS,MANSHAHI,0,2,0
MNE,MANSI JN,0,35,0
MMPL,MANTAPAMPALLE,0,2,0
MVH,MANTATTI,0,2,0
MALM,MANTHRALAYAM RD,0,48,0
MUGR,MANUGURU,3,0,3
MNVL,MANWAL,0,6,0
MVO,MANWATH ROAD,0,26,0
MQN,MANYAMKONDA,0,1,0
MJY,MARAMJHIRI,0,2,0
MAKM,MARARIKULAM,0,5,0
MRG,MARGHERITA,0,2,0
MAY,MARIAHU,0,8,0
MXN,MARIANI JN,0,29,0
MMI,MARIYAMANAHALLI,0,2,0
MRK,MARKAPUR ROAD,0,18,0
MKO,MARKONA,0,6,0
MRL,MAROLI,0,11,0
MRF,MARPALLI,0,2,0
MIPM,MARRIPALEM PH,0,8,0
MR,MARTUR,0,2,0
MBNL,MARWAR BHINMAL,0,8,0
MCPE,MARWAR CHAPRI,0,2,0
MJ,MARWAR JN,0,78,0
MWT,MARWAR LOHWAT,0,6,0
MMY,MARWAR MATHANYA,0,6,0
MDW,MARWAR MUNDWA,0,8,0
MWJ,MARWASGRAM,0,4,0
ME,MASAIPET,0,2,0
MST,MASIT,0,2,0
MSW,MASKANWA,0,12,0
MSDN,MASUDAN,0,2,0
MSR,MASUR,0,5,0
MTH,MATAUNDH,0,4,0
MHBA,MATHABHANGA,0,2,0
MRT,MATHURA CANT,0,8,0
MTJ,MATHURA JN,1,169,1
MUW,MATHURAPUR,0,8,0
MTU,MATMARI,0,4,0
MEM,MAU AIMMA,0,2,0
MAU,MAU JN,1,45,1
MRPR,MAU RANIPUR,0,13,0
MZH,MAUHARI,0,12,0
MLY,MAULA ALI,0,14,0
MAUR,MAUR,0,12,0
MAA,MAVAL,0,2,0
MVLK,MAVELIKARA,0,38,0
MVJ,MAVLI JN,0,28,0
MYK,MAYAKONDA,0,4,0
MV,MAYILADUTURAI J,2,24,2
MYY,MAYYANAD,0,6,0
MGME,MCCLUSKIEGANJ,0,4,0
MCA,MECHEDA,0,23,0
MCRD,MECHERI ROAD,0,1,0
MPU,MEDAPADU,0,1,0
MED,MEDCHAL,0,10,0
MUT,MEERUT CANT,0,19,0
MTC,MEERUT CITY,3,45,3
MGN,MEGHNAGAR,0,43,0
MGTD,MEGHPURTITODI,0,2,0
MNO,MEHNAR ROAD,0,4,0
MAI,MEHSI,0,10,0
MJA,MEJA ROAD,0,4,0
MMKB,MEKRA MEMERKHAB,0,3,0
MLTR,MELATTUR,0,2,0
MLMR,MELMARUVATTUR,0,30,0
MQX,MERALGRAM,0,2,0
MRDL,MERAMANDOLIL,0,4,0
MTD,MERTA ROAD JN,0,58,0
MTPI,METPALLI,0,2,0
MTP,METUPALAIYAM,2,0,2
MTDM,METUR DAM,1,0,0
MYX,METYAL SOHAR,0,4,0
MAS,MGR CHENNAI CTL,65,27,65
MHD,MHMDVD KHEDA RD,0,20,0
MDN,MIDNAPORE,0,34,0
MIH,MIHRAWAN,0,2,0
MIL,MILAK,0,8,0
MVN,MILAVITTAN,0,6,0
MNL,MINCHNAL,0,6,0
MRJ,MIRAJ JN,1,53,1
MK,MIRANPUR KATRA,0,2,0
MIQ,MIRHAKUR,0,2,0
MQL,MIRKHAL,0,6,0
MRTL,MIRTHAL,0,1,0
MRGA,MIRYALAGUDA,0,22,0
MZC,MIRZA CHEUKI,0,8,0
MZL,MIRZAPALLI,0,8,0
MZP,MIRZAPUR,0,63,0
MFL,MISRAULI,0,3,0
MSO,MISROD,0,2,0
MTHP,MITHAPUR,0,6,0
MYG,MIYAGAM KARJAN,0,12,0
MINA,MIYANA,0,2,0
MDNR,MODINAGAR,0,19,0
MLB,MODNIMB,0,5,0
MDPR,MODPUR,0,2,0
MON,MODRAN,0,8,0
MOGA,MOGA,0,2,0
MHAD,MOHADI PRGN LNG,0,3,0
MQE,MOHAMMADKHERA,0,3,0
MOJ,MOHANA,0,6,0
MLJ,MOHANLALGANJ,0,2,0
MONR,MOHANUR,0,2,0
MOP,MOHITNAGAR,0,2,0
MOG,MOHIUDDINNAGAR,0,6,0
MO,MOHOL,0,6,0
MHPE,MOHOPE,0,2,0
MKSR,MOKALSAR,0,8,0
MKA,MOKAMEH JN,1,96,1
MXL,MOKHOLI,0,2,0
MOMU,MOLAKALMURU,0,4,0
MOF,MONDH,0,6,0
BYNR,MOOKAMBIKA ROAD,0,28,0
MOR,MOR,0,14,0
MB,MORADABAD,1,161,1
MKX,MORAK,0,6,0
MRHT,MORANHAT,0,4,0
MAP,MORAPPUR,0,16,0
MVI,MORBI,0,2,0
MWK,MORDAD TANDA,0,3,0
MRA,MORENA,0,54,0
MGAE,MORGRAM,0,4,0
MOI,MORI BERA,0,4,0
MRND,MORINDA,0,8,0
MKDN,MORKADHANA,0,2,0
MRSH,MORSHI,0,2,0
MXO,MORTHALA,0,2,0
MRN,MORWANI,0,3,0
MOTH,MOTH,0,10,0
MOTC,MOTICHUR,0,3,0
MTR,MOTIPUR,0,10,0
MOO,MUDDANURU,0,10,0
MGB,MUDIGUBBA,0,3,0
MUE,MUDKHED,0,37,0
MFJ,MUFTIGANJ,0,2,0
MGC,MUGAT,0,5,0
MMA,MUHAMMADABAD,0,18,0
MDJ,MUHAMMADGANJ,0,10,0
MEX,MUKERIAN,0,25,0
MKPR,MUKTAPUR,0,1,0
MKS,MUKTSAR,0,2,0
MCN,MUKUNDARAYAPURM,0,5,0
MKDD,MUKUNDAWADI HA,0,8,0
MME,MUL MARORA,0,4,0
MCU,MULACALACHERUVU,0,5,0
MNTT,MULANTURUTTI,0,2,0
MOL,MULI ROAD,0,4,0
MULK,MULKI,0,6,0
MTY,MULTAI,0,23,0
MVD,MULVAD,0,2,0
BCT,MUMBAI CENTRAL,0,0,1
MMCT,MUMBAI CENTRAL,18,0,19
MBF,MUNABAO,1,0,1
MND,MUNDERWA,0,4,0
MPH,MUNDHA PANDE,0,1,0
MNU,MUNDIKOTA,0,2,0
MNV,MUNGAOLI,0,18,0
MNGD,MUNIGUDA,0,32,0
MRB,MUNIRABAD,0,11,0
MUK,MUNUMAKA,0,4,0
MUD,MURADNAGAR,0,8,0
MGM,MURAGACHA,0,4,0
MRHA,MURAHARA,0,2,0
MRR,MURARAI,0,13,0
MPY,MURARPUR,0,4,0
MRDW,MURDESHWAR,0,14,0
MMVR,MURGAMAHADEV RD,0,2,0
MUP,MURHIPAR,0,1,0
MURI,MURI,0,70,0
MRBL,MURIBAHAL,0,4,0
MZS,MURKONGSELEK,1,0,1
MRIJ,MURLIGANJ,0,4,0
MBB,MURSHIDABAD,0,10,0
MZR,MURTAJAPUR,0,28,0
MRTY,MURTI,0,3,0
MRX,MURUD,0,3,0
MQU,MURUKKAMPUZHA,0,4,0
MFKA,MUSAFIR KHANA,0,22,0
MUA,MUSRA,0,2,0
MSV,MUSTARA,0,2,0
MOZ,MUZAFFARNAGAR,0,41,0
MFP,MUZAFFARPUR JN,11,70,11
MZM,MUZZAMPUR NRYN,0,9,0
MYS,MYSURU JN,27,4,27
GZN,N GHAZIABAD,0,7,0
NPK,N. PANAKUDI,0,2,0
NDAE,NABADWIP DHAM,0,23,0
NBG,NABENAGAR ROAD,0,12,0
NBA,NABHA,0,15,0
NIU,NABIPUR,0,8,0
NDU,NADAUJ,0,2,0
NBI,NADBAI,0,12,0
ND,NADIAD JN,0,119,0
NDKD,NADIKUDI JN,0,20,0
NDW,NADWAN,0,2,0
NPL,NAGALAPALLE,0,4,0
NHY,NAGANAHALLI,0,4,0
NGS,NAGANSUR,0,2,0
NGAN,NAGAON,0,2,0
NGT,NAGAPPATTINAM,0,10,0
NGE,NAGAR,0,4,0
NUQ,NAGAR UNTARI,0,10,0
NG,NAGARI,0,2,0
NGI,NAGARI,0,2,0
NRS,NAGARIA SADAT,0,4,0
NSL,NAGARSOL,3,22,3
NRR,NAGARUR,0,4,0
NGO,NAGAUR,0,40,0
NAB,NAGBHIR JN,0,4,0
NAD,NAGDA JN,0,100,0
NJT,NAGER COIL TOWN,0,6,0
NCJ,NAGERCOIL JN,10,24,10
NGHW,NAGESHWADI HALT,0,1,0
NGG,NAGINA,0,14,0
NRDP,NAGIREDDIPALLI,0,2,0
NGLT,NAGLATULA,0,2,0
NCR,NAGORE,0,6,0
NGTN,NAGOTHANE,0,4,0
NGP,NAGPUR,10,194,9
NPRD,NAGPUR ROAD P H,0,4,0
NHK,NAHARKATIYA,0,8,0
NHLN,NAHARLAGUN,2,0,2
NH,NAIHATI JN,0,47,0
NKI,NAIKHERI,0,2,0
NYN,NAINI,0,13,0
NBD,NAJIBABAD JN,0,36,0
NCH,NAKACHARI,0,4,0
NKDO,NAKKANADODDI,0,4,0
NRO,NAKODAR JN,0,2,0
NAK,NAKSALBARI,0,2,0
NKX,NAKTISEMRA,0,2,0
NAL,NAL HALT,0,2,0
NLD,NALANDA,0,6,0
NLV,NALBARI,0,2,0
NLDA,NALGONDA,0,24,0
NHT,NALHATI JN,0,17,0
NCU,NALLACHERUVU,0,1,0
NLPD,NALLAPADU,0,6,0
NW,NALWAR,0,12,0
NMKL,NAMAKKAL,0,14,0
NBR,NAMBURU,0,8,0
NKM,NAMKON,0,8,0
NLI,NAMLI,0,2,0
NAM,NAMRUP,0,6,0
NMT,NAMTIALI,0,4,0
NANA,NANA,0,5,0
NRE,NANDALUR,0,16,0
NDR,NANDESARI,0,3,0
NDJ,NANDGANJ,0,4,0
NGN,NANDGAON,0,21,0
NAN,NANDGAON ROAD,0,4,0
NAND,NANDIKOOR,0,2,0
NN,NANDURA,0,22,0
NDB,NANDURBAR,0,53,1
NDL,NANDYAL,0,18,0
NLDM,NANGAL DAM,1,8,1
NNO,NANGLOI,0,12,0
NNN,NANGUNERI,0,10,0
NPS,NAPASAR,0,6,0
NRK,NARAIKKINAR,0,1,0
NRI,NARAINA,0,11,0
NQR,NARAJ MARTHAPUR,0,6,0
NNGE,NARANGI,0,4,0
NRGR,NARANJIPUR,0,4,0
NANR,NARANPUR,0,2,0
NS,NARASAPUR,5,0,5
NRT,NARASARAOPET,0,18,0
NASP,NARASINGAPALLI,0,2,0
NRYP,NARAYANAPURAM,0,2,0
NNR,NARAYANPUR,0,12,0
NRPA,NARAYNPUR ANANT,0,2,0
NDN,NARDANA,0,6,0
NUR,NARELA,0,12,0
NRGO,NARGANJO,0,2,0
NOI,NARIAOLI,0,5,0
NKK,NARIKKUDI,0,2,0
NKE,NARKATIAGANJ JN,0,18,0
NRKR,NARKHER,0,28,0
NNL,NARNAUL,0,6,0
NU,NARSINGHPUR,0,54,0
NRP,NARSIPATNAM RD,0,13,0
NSX,NARSIPURAM HALT,0,2,0
NRW,NARWANA JN,0,29,0
NK,NASHIK ROAD,0,115,0
NSD,NASIRABAD,0,23,0
NDT,NATHDWARA,1,0,1
NAT,NATHNAGAR,0,6,0
NTZ,NATHWANA,0,2,0
NNA,NAUGACHIA,0,51,0
NWP,NAUPADA JN,0,16,0
NTV,NAUTANWA,2,0,2
NVRD,NAVADE ROAD,0,4,0
NUD,NAVAGADH,0,7,0
NVU,NAVALUR,0,2,0
NWU,NAVAPUR,0,11,0
NVT,NAVIPET,0,5,0
NVS,NAVSARI,0,61,0
NAC,NAWA CITY,0,18,0
NGB,NAWABGANJ GONDA,0,2,0
NWD,NAWADAH,0,6,0
NVG,NAWAGAON,0,5,0
NWH,NAWALGARH,0,2,0
NAW,NAWANDGI,0,4,0
NPD,NAWAPARA ROAD,0,10,0
NYO,NAYAGAON,0,6,0
NYG,NAYAGARH,0,2,0
NYH,NAYANDAHALLI,0,4,0
NYP,NAYUDUPETA,0,24,0
NZT,NAZARETH,0,2,0
NAZJ,NAZIRGANJ,0,4,0
NKD,NEKONDA,0,11,0
NMGA,NELAMANGALA,0,4,0
NLR,NELLORE,0,134,0
NEP,NENPUR,0,4,0
NEO,NEORA,0,6,0
NPNR,NEPANAGAR,0,17,0
NRL,NERAL,0,3,0
NRG,NERGUNDI,0,2,0
NOQ,NEW ALIPURDUAR,2,49,1
NBPH,NEW BALARAMPUR,0,1,0
NBQ,NEW BONGAIGAON,0,76,0
NCB,NEW COOCH BEHAR,1,60,1
NDLS,NEW DELHI,72,70,72
NFK,NEW FARAKKA JN,0,63,0
NGNT,NEW GUNTUR,0,11,0
NHLG,NEW HAFLONG,0,4,0
NJP,NEW JALPAIGURI,9,91,9
NKJ,NEW KATNI JN,0,2,0
NMZ,NEW MAL JN,0,12,0
NMX,NEW MAYNAGURI,0,6,0
NMM,NEW MISAMARI,0,2,0
NMDA,NEW MORINDA,0,4,0
NTSK,NEW TINSUKIA JN,2,20,3
NYY,NEYYATTINKARA,0,14,0
NDD,NIDADAVOLU JN,0,39,0
NMJ,NIDAMANGALAM,0,8,0
NIDI,NIDI,0,4,0
NDO,NIDUBROLU,0,23,0
NIQ,NIGAURA,0,6,0
NHN,NIGOHAN,0,4,0
NHH,NIHALGARH,0,36,0
NIIJ,NILAJE,0,4,0
NKW,NILAKANTHESWAR,0,2,0
NIL,NILAMBUR ROAD,1,0,1
NLE,NILESHWAR,0,18,0
NLKR,NILOKHERI,0,4,0
NMK,NIM KA THANA,0,6,0
NMH,NIMACH,0,22,0
NBH,NIMBAHERA,0,13,0
NBL,NIMBAL,0,10,0
NB,NIMBHORA,0,2,0
NIM,NIMDIH,0,2,0
NILE,NIMTITA,0,9,0
NGA,NINGALA JN,0,6,0
NPW,NIPANI VADGAON,0,6,0
NPI,NIPANIA,0,2,0
NR,NIPHAD,0,13,0
NIRA,NIRA,0,7,0
NKP,NIRAKARPUR,0,8,0
NSU,NISUI,0,3,0
NEW,NIVARI,0,10,0
NIV,NIVASAR,0,2,0
NWR,NIWAR,0,4,0
NWB,NIWAS ROAD,0,2,0
NZB,NIZAMABAD,2,32,1
NMGT,NMG TAMDALGE,0,1,0
NRX,NOADAR DHAL,0,2,0
NOMD,NOAMUNDI,0,4,0
NHR,NOHAR,0,2,0
NOK,NOKHA,0,38,0
NKRA,NOKHRA,0,2,0
NMD,NOMODA,0,3,0
NRLR,NORLA ROAD,0,18,0
NLP,NORTH LAKHIMPUR,0,2,0
NRZB,NOWROZABAD,0,11,0
NSVP,NPA SHVRAMPALLI,0,1,0
NNW,NRYNPUR TATWAR,0,12,0
GMO,NSC BOSE J GOMO,0,55,1
NXN,NUAGAON,0,6,0
NDPU,NUDURUPADU,0,5,0
NMGY,NUMALIGARH,0,2,0
NRA,NUNKHAR,0,1,0
NRM,NURMAHAL,0,2,0
NZD,NUZVID,0,8,0
ODG,OBAIDULLA GANJ,0,10,0
OBM,OBALAPURAM,0,1,0
OBR,OBRA DAM,0,6,0
OBVP,OBULAVARIPALLI,0,6,0
ODC,ODDANCHATRAM,0,2,0
ORH,ODDARAHALLI,0,2,0
OEA,ODELA,0,2,0
OKHA,OKHA,13,0,13
OKD,OKHA MADHI,0,2,0
OKA,OKHLA,0,8,0
OMLF,OLD MALDA,0,2,0
OML,OMALUR,0,3,0
ODM,ONDAGRAM,0,6,0
OGL,ONGOLE,0,134,0
VNM,ONTIMITTA,0,2,0
ORAI,ORAI,0,51,0
ORGA,ORGA,0,4,0
OSN,OSIYAN,0,9,0
OTP,OTTAPPALAM,0,38,0
PCH,PACHHAPUR,0,2,0
PFR,PACHOR ROAD,0,12,0
PC,PACHORA JN,0,25,0
PNWN,PACHWAN,0,3,0
PDH,PADADHARI,0,4,0
PDGN,PADHEGAON,0,6,0
PDNR,PADNUR,0,2,0
PDP,PADSE,0,4,0
PFU,PADUA,0,2,0
PDD,PADUBIDRI,0,4,0
PCX,PAGLA CHANDI,0,4,0
PRP,PAHARPUR,0,11,0
PAK,PAKALA JN,0,25,0
PKRD,PAKARA ROAD,0,2,0
PKK,PAKKI,0,1,0
PKR,PAKUR,0,45,0
PCLI,PALACHAURI,0,2,0
PALM,PALAIYAM,0,2,0
PGT,PALAKKAD JN,1,99,1
PCV,PALAKKODU,0,2,0
PKO,PALAKOLLU,0,10,0
PM,PALAM,0,9,0
PAE,PALANA,0,2,0
PLNI,PALANI,0,4,0
PNU,PALANPUR JN,0,93,0
PSA,PALASA,0,74,0
PLD,PALDHI,0,4,0
PLJ,PALEJ,0,10,0
PLG,PALGHAR,0,32,0
PGTN,PALGHAT TOWN,0,4,0
PAIL,PALI A,0,4,0
PMY,PALI MARWAR,0,35,0
PBV,PALIBA,0,2,0
PIT,PALITANA,1,0,1
PYD,PALLIYADI,0,3,0
PSO,PALSORA MAKRAWA,0,2,0
PWL,PALWAL,0,19,0
PMN,PAMAN,0,2,0
PMD,PAMIDI,0,2,0
PAN,PANAGARH,0,22,0
PAM,PANAPAKAM,0,1,0
PNB,PANBARI,0,2,0
PCN,PANCH PIPILA,0,4,0
PAW,PANDABESWAR,0,2,0
PDW,PANDAUL,0,6,0
PANP,PANDAVAPURA,0,19,0
PVR,PANDHARPUR,1,4,2
PAR,PANDHURNA,0,55,0
PGP,PANDURANGAPURAM,0,2,0
PNF,PANGAON,0,7,0
PJR,PANGRI,0,1,0
PNYA,PANIAHWA,0,4,0
PJB,PANIAJOB,0,2,0
PHI,PANIKHAITI,0,2,0
PNP,PANIPAT JN,0,78,0
PNKD,PANKI DHAM,0,16,0
PAO,PANOLI,0,7,0
PNPL,PANPALI,0,4,0
PPO,PANPOSH,0,6,0
PRT,PANRUTI,0,2,0
PN,PANSAR,0,2,0
PKU,PANSKURA,0,23,0
PBW,PANTNAGAR,0,4,0
PNVL,PANVEL,1,84,1
PNM,PANYAM,0,6,0
PML,PAPANASAM,0,8,0
PKL,PAPINAYAKNAHALI,0,4,0
PDG,PARADGAON,0,6,0
PRDP,PARADIP,2,0,2
PRDL,PARADOL,0,9,0
PMK,PARAMAKKUDI,0,12,0
PS,PARAS,0,2,0
PASA,PARASHSHALA,0,12,0
PUX,PARASIA,0,5,0
PNME,PARASNATH,0,46,0
PVU,PARAVUR,0,22,0
PRB,PARBATI,0,7,0
PBN,PARBHANI JN,0,59,1
PAD,PARDI,0,7,0
PQN,PARIAWAN K.K.RD,0,7,0
PSL,PARISAL,0,2,0
PRLI,PARLI VAIJNATH,0,21,0
PMU,PARMANANDPUR,0,2,0
PGI,PARPANANGADI,0,28,0
PSB,PARSABAD,0,8,0
PRF,PARSIPUR,0,10,0
PSD,PARSODA,0,6,0
PSLI,PARSOLI,0,3,0
PBH,PARTAPGARH JN,3,41,3
PTU,PARTUR,0,32,0
PVP,PARVATIPURAM,0,23,0
PVPT,PARVATIPURAM TN,0,19,0
PSR,PASRAHA,0,4,0
PLU,PATAKOTTACHERU,0,4,0
PTRE,PATARA,0,2,0
PAA,PATAS,0,4,0
PTRD,PATAUDI ROAD,0,18,0
PTK,PATHANKOT,1,11,1
PTKC,PATHANKOT CANTT,0,82,0
PEH,PATHARDIH JN,0,2,0
PHA,PATHARIA,0,23,0
PKB,PATHARKHOLA S,0,2,0
PTLI,PATHAULI,0,2,0
PARD,PATHRAD,0,4,0
PTRL,PATHRALA,0,1,0
PRI,PATHRI,0,1,0
PBL,PATHSALA,0,2,0
PTA,PATIALA,0,15,0
PPTA,PATLIPUTRA,3,11,3
PNBE,PATNA JN,26,99,27
PNC,PATNA SAHEB,0,74,0
PTH,PATRANGA,0,2,0
PTRU,PATRATU,0,17,0
PTB,PATTAMBI,0,20,0
PKQ,PATTIKKAD,0,2,0
PTWA,PATWARA,0,2,0
POE,PAWAPURI ROAD H,0,6,0
PAZ,PAYANGADI,0,12,0
PDX,PAYRADANGA,0,1,0
PAY,PAYYANUR,0,42,0
PYOL,PAYYOLI,0,4,0
PDKN,PEDAKAKANI HALT,0,8,0
PAV,PEDANA,0,4,0
PDNA,PEDDADINNE,0,1,0
PPZ,PEDDAMPET,0,2,0
PDPL,PEDDAPALLI,0,17,0
PVD,PEDDAVADLAPUDI,0,2,0
PBP,PEMBARTI,0,4,0
PEN,PEN,0,4,0
PDL,PENDEKALLU,0,6,0
PND,PENDRA ROAD,0,43,0
PDT,PENDURTI,0,4,0
PNDM,PENNADAM,0,4,0
PKD,PENUKONDA,0,18,0
PEM,PERALAM JN,0,6,0
PER,PERAMBUR,0,46,0
PRCA,PERECHERLA,0,6,0
PG,PERGAON,0,6,0
PERN,PERNEM,0,10,0
PGZ,PERUNGUZHI,0,2,0
PLI,PETTAIVAYATALAI,0,1,0
PGW,PHAGWARA JN,0,79,0
PLCJ,PHALODI JN,0,17,0
PUD,PHANDA,0,3,0
PFM,PHAPHAMAU JN,0,16,0
PHD,PHAPHUND,0,22,0
PEP,PHEPHNA JN,0,5,0
PES,PHESAR,0,2,0
PHR,PHILLAUR JN,0,37,0
PPM,PHIRANGIPURAM,0,6,0
FL,PHULERA JN,1,83,0
FLR,PHULESWAR,0,4,0
PLP,PHULPUR,0,15,0
PWS,PHULWARI SHARIF,0,6,0
PLJE,PHULWARTANR,0,6,0
PUS,PHUSRO,0,11,0
PBA,PIARDOBA,0,4,0
PCQ,PICHKURIRDHAL,0,2,0
PGRL,PIDUGURALLA,0,18,0
PIL,PILER,0,9,0
PGK,PILI BANGAN,0,14,0
PBE,PILIBHIT JN,0,2,0
PDZ,PILIODA,0,3,0
PKW,PILKHUA,0,33,0
PMKT,PIMPALKHUTI,0,3,0
PMP,PIMPRI,0,10,0
PRGR,PINARGARIA,0,2,0
PQL,PINDIAL,0,4,0
PDRD,PINDRA ROAD,0,2,0
PDWA,PINDWARA,0,33,0
PLW,PINGLESHWAR,0,3,0
PIZ,PINGLI,0,6,0
PLS,PIPALSANA,0,2,0
PPR,PIPAR ROAD JN,0,8,0
PPI,PIPARIYA,0,67,0
PPF,PIPLAJ,0,2,0
PPLI,PIPLI,0,2,0
PIP,PIPLIA,0,7,0
PPD,PIPLOD JN,0,4,0
PPG,PIPLODA BAGLA,0,2,0
PPC,PIPRAICH,0,5,0
PIA,PIPRAIGAON,0,4,0
PUO,PIR UMROD,0,3,0
PVRD,PIRAVAM ROAD,0,12,0
PPT,PIRPAINTI,0,16,0
PRTL,PIRTALA,0,4,0
PMR,PITAMBARPUR,0,13,0
PAP,PITHAPURAM,0,21,0
PLY,PLASSEY,0,10,0
PBKS,PMBAKVL SHANDY,0,4,0
PCZ,POCHARAM,0,4,0
PTJ,PODANUR JN,0,22,0
PKNS,POKHARNI NRSNHA,0,3,0
PHN,POKHRAYAN,0,27,0
PKF,POKLA,0,6,0
POK,POKRAN,0,4,0
POY,POLLACHI JN,0,4,0
PRL,POLUR,0,4,0
PDU,PONDURU,0,4,0
GOC,PONMLAI GLD RCK,0,1,0
PDO,POODOOR,0,1,0
PBR,PORBANDAR,6,1,5
PRNR,PORJANPUR,0,2,0
POT,POTHIA,0,2,0
PTKP,POTKAPALLI,0,2,0
POO,POTLAPADU,0,4,0
POZ,POTUL,0,6,0
PRKD,POWERKHEDA,0,2,0
PRH,POWERPET,0,2,0
PNE,PRANTIK,0,20,0
PSPY,PRASANNAYANAPAL,0,3,0
PRG,PRAYAG,0,19,0
PYG,PRAYAG GHAT,5,0,6
PDY,PUDUCHERRY,9,0,9
PUK,PUDUKAD,0,6,0
PDKT,PUDUKKOTTAI,0,12,0
PGR,PUGALUR,0,6,0
PLO,PULGAON JN,0,28,0
PCL,PULICHERLA,0,1,0
PMT,PULLAMPET,0,4,0
PUU,PUNALUR,1,2,1
PHK,PUNARAKH,0,17,0
PNW,PUNDHAG,0,8,0
PUN,PUNDI,0,2,0
PDA,PUNDOOAH,0,1,0
PUNE,PUNE JN,43,110,44
PNQ,PUNKUNNAM,0,4,0
PPN,PUNPUN,0,6,0
PNSA,PUNSIA,0,2,0
PURI,PURI,37,0,38
PAU,PURNA JN,1,70,1
PRNA,PURNEA JN,0,6,0
PRNC,PURNIA COURT,1,0,1
PRKE,PURUA KHERA,0,2,0
PRR,PURULIA JN,4,35,4
PSE,PUSAULI,0,2,0
PCU,PUTLACHERUVU,0,1,0
PUT,PUTTUR,0,16,0
QLD,QUILANDI,0,26,0
RDHP,RADHANPUR,0,6,0
RDP,RADHIKAPUR,2,0,2
RBL,RAE BARELI JN,1,49,1
RFJ,RAFIGANJ,0,20,0
RGU,RAGAUL,0,4,0
RGPM,RAGHAVAPURAM,0,2,0
RGP,RAGHUNATHPALLI,0,6,0
RPR,RAGHUNATHPUR,0,14,0
RCTC,RAGHUNATHPUR,0,2,0
RRS,RAGHURAJ SINGH,0,2,0
RHMA,RAHAMA,0,4,0
RNBT,RAHENBATA,0,2,0
RBD,RAHIMABAD,0,3,0
RMP,RAHIMATPUR,0,5,0
RRI,RAHURI,0,8,0
RSNR,RAI SINGH NAGAR,0,6,0
RC,RAICHUR,0,58,0
RGJ,RAIGANJ,0,4,0
RIG,RAIGARH,2,41,2
RAG,RAIGIR,0,4,0
RKB,RAIKA BAGH,0,22,0
MTPR,RAIMEHATPUR,0,2,0
R,RAIPUR JN,3,126,3
RAIR,RAIRAKHOL,0,21,0
RSI,RAISI,0,4,0
RWL,RAIWALA,0,14,0
GP,RAJ GANGPUR,0,29,0
RJN,RAJ NANDGAON,0,57,0
RJK,RAJA KA SAHASPR,0,9,0
RKM,RAJA KI MANDI,0,49,0
RJY,RAJAHMUNDRY,0,149,0
RJR,RAJALDESAR,0,6,0
RJA,RAJANAGAR,0,8,0
RNN,RAJANKUNTI,0,2,0
RJPM,RAJAPALAYAM,0,6,0
RJAP,RAJAPUR,0,1,0
RAJP,RAJAPUR ROAD,0,8,0
RJO,RAJENDRA PUL,0,2,0
RJPB,RAJENDRANAGAR T,13,38,13
RHG,RAJGARH,0,23,0
RG,RAJGHAT NARORA,0,2,0
RGD,RAJGIR,3,0,3
RJG,RAJGRAM,0,8,0
RJS,RAJIYASAR,0,2,0
RKSN,RAJKHARSAWAN JN,0,18,0
RJT,RAJKOT JN,5,59,4
RM,RAJMANE,0,3,0
RPJ,RAJPURA JN,0,57,0
RLA,RAJULA JN,0,2,0
RHE,RAKHA MINES,0,6,0
RMC,RAM CHAURA ROAD,0,2,0
RMJK,RAM NAGAR J K,0,4,0
RDM,RAMAGUNDAM,0,67,0
RMN,RAMAN,0,2,0
RMGM,RAMANAGARAM,0,29,0
RMD,RAMANATHAPURAM,0,12,0
RMNP,RAMANNAPETA,0,6,0
RRJ,RAMARAJU PALLI,0,2,0
RBA,RAMBHA,0,2,0
RBZ,RAMBHADDARPUR,0,4,0
RDRA,RAMDEVRA,0,15,0
RMM,RAMESWARAM,6,0,6
RGB,RAMGANGA,0,2,0
RMA,RAMGANJ MANDI,0,45,0
RMT,RAMGARH CANT,0,11,0
RGH,RAMGARHWA,0,4,0
RGI,RAMGIRI,0,3,0
RMF,RAMNA,0,2,0
RMR,RAMNAGAR,4,0,4
RMRB,RAMNAGAR BENGAL,0,2,0
RA,RAMPARDA,0,4,0
RMU,RAMPUR,0,53,0
RMPB,RAMPUR BAZAR,0,2,0
RDUM,RAMPUR DUMRA,0,8,0
RMPR,RAMPUR HALT,0,2,0
RPH,RAMPUR HAT,4,69,4
RPMN,RAMPUR MANIHARN,0,2,0
PUL,RAMPURA PHUL,0,21,0
RSG,RAMSAGAR,0,4,0
RHA,RANAGHAT JN,0,10,0
RNL,RANALA,0,4,0
RPZ,RANAPRATAPNAGAR,0,26,0
RNC,RANCHI,17,28,17
RRME,RANCHI ROAD,0,5,0
RNGG,RANGALITING,0,2,0
RPAN,RANGAPARA NORTH,0,6,0
RGM,RANGAPURAM,0,6,0
RRGA,RANGAREDDY GUDA,0,1,0
RNY,RANGIYA JN,1,48,1
RMH,RANGMAHAL,0,2,0
RTG,RANGTONG,0,3,0
RANI,RANI,0,26,0
RNR,RANIBENNUR,0,36,0
RNG,RANIGANJ,0,46,0
RNV,RANIWARA,0,8,0
RNJD,RANJANGAON RD,0,6,0
RNE,RANJANI,0,8,0
RNO,RANOLI,0,4,0
RUR,RANPUR,0,7,0
RNT,RANTHAMBHORE,0,2,0
RCJ,RANYAL JASMIYA,0,2,0
RTI,RAOTI,0,4,0
RSYI,RASAYANI,0,4,0
RASP,RASIPURAM,0,8,0
RSR,RASRA,0,13,0
RYS,RASURIYA,0,2,0
RTGH,RATANGARH JN,0,16,0
RPUR,RATANPUR,0,6,0
RTP,RATANPURA,0,4,0
RDDE,RATHDHANA,0,1,0
RTM,RATLAM JN,2,125,2
RTMN,RATLAM NEW,1,0,1
RN,RATNAGIRI,1,72,1
RUL,RAULI,0,2,0
RPK,RAVALPALI KALAN,0,4,0
RV,RAVER,0,14,0
RVKH,RAVINDRAKHANI,0,2,0
RWJ,RAWANIA DUNGAR,0,2,0
RXL,RAXAUL JN,7,0,7
RAY,RAY,0,8,0
RDG,RAYADRUG,0,3,0
RGDA,RAYAGADA,1,35,2
RLO,RAYALCHERUVU,0,6,0
RYP,RAYANAPADU,0,7,0
RBG,RAYBAG,0,11,0
RJP,RAZAMPETA,0,31,0
RECH,RECHNI ROAD,0,2,0
RPL,REDDIPALLE,0,2,0
RLL,REGADIPALLI,0,2,0
REJ,REJINAGAR,0,6,0
REN,REN,0,8,0
RGL,RENGALI,0,11,0
RU,RENIGUNTA JN,2,118,2
RNQ,RENUKUT,0,13,0
RNW,RENWAL,0,2,0
ROI,REOTI,0,4,0
RBK,REOTI B KHERA,0,4,0
REWA,REWA,6,0,6
RE,REWARI,0,69,0
RRL,REWRAL,0,2,0
RGS,RINGAS JN,0,8,0
REI,RITHI,0,5,0
RKO,RMKRSHNAPRM GTE,0,2,0
RQJ,RNINGR JLPAIGRI,0,5,0
ROB,ROBERTSON,0,4,0
ROHA,ROHA,0,14,0
ROK,ROHTAK JN,1,47,1
RK,ROORKEE,0,70,0
RHN,ROSHANPUR,0,2,0
RGO,ROTEGAON,0,24,0
ROU,ROURKELA,2,77,2
RWH,ROWRIAH SDG,0,2,0
RWTB,ROWTA BAGAN,0,2,0
ROZA,ROZA JN,0,16,0
RDL,RUDAULI,0,25,0
RUPC,RUDRAPUR CITY,0,12,0
RKD,RUKADI,0,9,0
RMY,RUKMAPUR,0,2,0
RUI,RUKNI,0,2,0
RNH,RUNKHERA,0,4,0
RUSD,RUNNI SAIDPUR,0,6,0
RUM,RUPAMAU,0,2,0
RPD,RUPAUND,0,7,0
RBS,RUPBAS,0,6,0
RPAR,RUPNAGAR,0,10,0
RNPR,RUPNARAYANPUR,0,8,0
RPRD,RUPRA ROAD,0,18,0
ROP,RUPSA JN,0,6,0
RURA,RURA,0,14,0
ROA,RUSERA GHAT,0,4,0
RTA,RUTHIYAI,0,26,0
SBV,S BAKHTIYARPUR,0,14,0
BIH,S HIRDARAMNAGAR,0,9,0
SHRN,S HIRDARAMNAGAR,0,26,0
SBIB,SABARMATI BG,1,38,1
SBT,SABARMATI JN,0,8,0
SBO,SABAUR,0,8,0
SR,SABLI ROAD,0,2,0
SCH,SACHIN,0,9,0
SSPD,SADASHIVAPET RD,0,2,0
SDT,SADAT,0,7,0
SDE,SADISOPUR,0,8,0
SDLP,SADULPUR JN,0,18,0
SDS,SADULSHAHR,0,6,0
SGJ,SAFDARGANJ,0,4,0
SFH,SAFEDABAD,0,1,0
SFX,SAFILGUDA,0,2,0
SFR,SAFRAI,0,2,0
SGDP,SAGADAPATA,0,2,0
SRF,SAGAR JAMBAGARU,0,4,0
SDI,SAGARDIGHI,0,4,0
SGL,SAGAULI JN,0,22,0
SAO,SAGONI,0,3,0
SRE,SAHARANPUR,1,90,0
SHC,SAHARSA JN,7,4,7
SHSK,SAHARSRAKUND,0,6,0
STW,SAHATWAR,0,8,0
SAHL,SAHELI,0,2,0
SBB,SAHIBABAD,0,23,0
SBG,SAHIBGANJ JN,1,24,1
SKJ,SAHIBPUR KAMAL,0,8,0
SASN,SAHIBZADA ASNGR,0,14,0
SWA,SAHJANWA,0,11,0
SSPN,SAI P NILAYAM,2,18,2
SADP,SAIDAPUR,0,12,0
SYJ,SAIDRAJA,0,6,0
SNSI,SAINAGAR SHIRDI,11,0,11
SFC,SAINTALA,0,9,0
SNT,SAINTHIA,0,39,0
SYWN,SAIYID SARAWAN,0,1,0
SLD,SAKALDIHA,0,6,0
SKAR,SAKARIYA,0,2,0
SIL,SAKHI GOPAL,0,26,0
SKF,SAKHOTI TANDA,0,9,0
SK,SAKHUN,0,2,0
SKLR,SAKLESHPUR,0,6,0
SKI,SAKRI JN,0,20,0
SLJ,SAKRIGALI JN,0,2,0
SKT,SAKTI,0,16,0
SYA,SALAIA,0,5,0
SMT,SALAMATPUR,0,5,0
SLS,SALANPUR,0,4,0
SALE,SALAR,0,13,0
SLNA,SALAUNA,0,2,0
SLB,SALBONI,0,10,0
SKS,SALEKASA,0,6,0
SA,SALEM JN,0,144,0
SXT,SALEM TOWN,0,2,0
SRU,SALEMPUR JN,0,13,0
SALI,SALI,0,2,0
SCKR,SALICHAUKA ROAD,0,6,0
SLKR,SALKAROAD,0,6,0
SRI,SALMARI,0,4,0
SLR,SALOGRA,0,6,0
SAL,SALWA,0,1,0
SIOB,SAMAKHIALI B G,0,30,0
SMK,SAMALKHA,0,14,0
SLO,SAMALKOT JN,0,107,0
SLY,SAMALPATTI,0,4,0
SQE,SAMARALA HALT,0,2,0
SPJ,SAMASTIPUR JN,0,102,0
SMBX,SAMBA,0,26,0
SBP,SAMBALPUR,5,46,3
SBPY,SAMBALPUR CITY,0,6,0
SBPD,SAMBALPUR ROAD,0,22,0
SBR,SAMBHAR LAKE,0,12,0
SMR,SAMDHARI JN,0,16,0
SMLA,SAMLAYA JN,0,4,0
SPZ,SAMPLA,0,10,0
SM,SAMSI,0,15,0
SNL,SANAHWAL,0,1,0
SAU,SANAND,0,3,0
SNF,SANAT NAGAR,0,8,0
SCI,SANCHI,0,9,0
SAN,SANDILA,0,17,0
SNX,SANEH ROAD,0,2,0
SNGN,SANGANER,0,1,0
SNGR,SANGANNAPUR,0,3,0
SGRR,SANGAR,0,2,0
SGRA,SANGARIA,0,12,0
SGF,SANGAT,0,6,0
SLI,SANGLI,0,35,0
SGR,SANGMESHWAR,0,10,0
SGLA,SANGOLA,0,4,0
SAG,SANGRUR,0,27,0
SAC,SANICHARA,0,2,0
SJN,SANJAN,0,7,0
SNKR,SANKA,0,2,0
SNKL,SANKARANKOVIL,0,6,0
SGE,SANKARIDURG,0,7,0
SNQ,SANKARPUR,0,6,0
SOA,SANOSRA,0,6,0
SNRR,SANSARPUR,0,4,0
SAT,SANT ROAD,0,4,0
SNTD,SANTALDIH,0,8,0
SNLR,SANTALPUR,0,4,0
SAB,SANTAMAGULUR,0,4,0
SRC,SANTRAGACHI JN,9,53,8
SNVR,SANVATSAR,0,2,0
SVM,SANVERDAM CHUCH,0,15,0
SAPE,SAPE WAMNE,0,4,0
SPK,SAPEKHATI,0,2,0
SAH,SAPHALE,0,7,0
SDH,SARADHNA,0,2,0
SGRD,SARAGAON RD P H,0,4,0
SRBA,SARAGBUNDIA,0,2,0
SGV,SARAGCHNI,0,4,0
SAI,SARAI,0,4,0
SYC,SARAI CHANDI,0,3,0
SQN,SARAI KANSRAI,0,6,0
SMZ,SARAI MIR,0,13,0
SFW,SARANGPUR,0,6,0
SRWN,SARASWATINAGAR,0,1,0
SBRA,SARBAHARA,0,4,0
SANR,SARDARNAGAR,0,1,0
SUA,SARDIHA,0,2,0
SGAM,SAREIGRAM,0,4,0
SIQ,SARKONI,0,1,0
SRNT,SARNATH,0,8,0
SRL,SAROLA,0,6,0
SZB,SARONA,0,2,0
SZA,SAROTRA ROAD,0,2,0
SZR,SARUPATHAR,0,10,0
SVD,SARWARI,0,6,0
SSM,SASARAM,0,67,0
STKT,SASTHANKOTTA,0,14,0
STR,SATARA,0,39,0
STJT,SATHAJAGAT,0,1,0
SAA,SATHIAON,0,4,0
SWF,SATHIN ROAD,0,2,0
STA,SATNA,0,126,0
STD,SATROD,0,4,0
SAP,SATTENAPALLE,0,20,0
STUR,SATULUR,0,6,0
SCO,SATUNA,0,6,0
SGO,SAUGOR,0,59,0
SUAL,SAUNDAL,0,2,0
SNH,SAUNSHI,0,2,0
SYM,SAVALYAPURAM,0,5,0
SVNR,SAVANUR,0,2,0
SVX,SAVARDA,0,6,0
SVKD,SAVARKUNDLA,0,2,0
SAV,SAVDA,0,2,0
SWM,SAWAI MADHOPUR,0,114,0
SVG,SAWALGI,0,2,0
SWV,SAWANTWADI ROAD,2,16,2
SYN,SAYAN,0,6,0
SBBJ,SBB JOGULAMBA H,0,4,0
SBW,SBEWBABUDIH,0,2,0
SDAH,SEALDAH,23,0,25
SC,SECUNDERABAD JN,36,69,37
SEH,SEHORE,0,35,0
SELU,SELU,0,34,0
SMO,SEMAPUR,0,12,0
SEN,SENAPURA,0,2,0
SCE,SENCHOA JN,0,2,0
SEU,SENDRA,0,5,0
SCT,SENGOTTAI,2,2,2
SEO,SEOHARA,0,12,0
SHE,SEORAPHULI,0,10,0
SEM,SERAM,0,22,0
SRP,SERAMPORE,0,9,0
SF,SETTIGUNTA,0,2,0
SET,SETTIHALLY,0,3,0
SEGM,SEVAGRAM,0,65,0
SWPR,SEWAPURI,0,10,0
SDNR,SEYDUNGANALLUR,0,2,0
SHNR,SHADNAGAR,0,14,0
SDB,SHAHABAD,0,30,0
SHDM,SHAHBAD MARKNDA,0,10,0
SDL,SHAHDOL,1,49,1
SHG,SHAHGANJ JN,0,51,0
SPN,SHAHJEHANPUR,0,85,0
SPP,SHAHPUR PATOREE,0,10,0
SFY,SHAJAPUR,0,22,0
SSB,SHAKURBASTI,0,33,0
SHM,SHALIMAR,13,0,13
SMP,SHAMBHUPURA,0,2,0
SGZ,SHAMGARH,0,33,0
SMQL,SHAMLI,0,2,0
SRJ,SHANKARGARH,0,21,0
SKP,SHANKARPALLI,0,14,0
SAS,SHDSPRA PADMPRA,0,1,0
SED,SHEDBAL,0,2,0
SEG,SHEGAON,0,34,0
SHK,SHEIKPURA,0,4,0
SLGH,SHELGAON,0,3,0
SEI,SHENDRI,0,1,0
SHNX,SHEO SINGH PURA,0,2,0
SPDR,SHEOPRASADNAGER,0,4,0
SKB,SHIKOHABAD JN,0,36,0
SMLG,SHIMILIAGUDA,0,2,0
SHMI,SHIROOR,0,2,0
SIW,SHIRRAVDE,0,1,0
SHF,SHIRUD,0,3,0
SOP,SHIUPUR,0,1,0
CSB,SHIVAJI BRIDGE,0,2,0
SVJR,SHIVAJINAGAR,0,22,0
SME,SHIVAMOGGA H,0,2,0
SMET,SHIVAMOGGA TOWN,2,4,2
SVRP,SHIVANARAYANPUR,0,6,0
SHV,SHIVANI,0,5,0
SHNG,SHIVNAGAR,0,1,0
SVT,SHIVPURA,0,3,0
SVPI,SHIVPURI,0,16,0
SWC,SHIVRAMPUR,0,2,0
SVDK,SHMATA VD KATRA,17,0,19
SGS,SHOGHI,0,5,0
SDN,SHOLAVANDAN,0,10,0
SHU,SHOLINGHUR,0,11,0
SRR,SHORANUR JN,1,92,1
SBGA,SHRAVANBELAGOLA,0,4,0
SIM,SHRI AMIRGADH,0,3,0
SBLJ,SHRI BALAJI,0,2,0
SGNR,SHRI GANGANAGAR,11,2,12
SRW,SHRI KARANPUR,0,5,0
SMPR,SHRI MADHOPUR,0,4,0
SMBJ,SHRI MAHABIRJI,0,25,0
SBLT,SHRIBDRYA LATHI,0,13,0
SRID,SHRIDHAM,0,27,0
SGND,SHRIGONDA ROAD,0,8,0
SAGR,SHRIRAJNAGAR,0,2,0
S,SHRIRANGAPATNA,0,8,0
SUP,SHRUNGAVARPUKTA,0,2,0
SJT,SHUJAATPUR,0,3,0
SJP,SHUJALPUR,0,55,0
SMPA,SHYAMPURA,0,4,0
SRTN,SIBSAGAR TOWN,0,4,0
SID,SIDDHPUR,0,24,0
SGDM,SIGADAM,0,2,0
SIPR,SIHAPAR,0,1,0
SIHO,SIHO,0,2,0
SOJN,SIHOR GUJARAT,0,16,0
SHR,SIHORA ROAD,0,29,0
SKA,SIKANDRA RAO,0,4,0
SIKR,SIKAR JN,1,2,1
SKIP,SIKARIPARA,0,2,0
SKPI,SIKARPAI,0,2,0
SZY,SILAK JHORI,0,2,0
SILO,SILAO,0,2,0
SPTR,SILAPATHAR,0,2,0
SLT,SILAUT,0,2,0
SCL,SILCHAR,2,0,2
SHTT,SILGHAT TOWN,1,0,1
SLH,SILIARI,0,6,0
SGUD,SILIGURI,0,0,1
SGUJ,SILIGURI JN,2,16,1
SLF,SILLI,0,2,0
SLGR,SIMALUGURI JN,0,21,0
SMBL,SIMBHOOLI,0,6,0
SMCP,SIMEN CHAPARI,0,2,0
SCM,SIMHACHALAM,0,21,0
SML,SIMLA,4,0,4
STL,SIMULTALA,0,16,0
SMX,SIMURALI,0,1,0
SDD,SINDHAWADAR,0,4,0
SNDD,SINDHUDURG,0,14,0
SNI,SINDI,0,11,0
SNK,SINDKHEDA,0,12,0
SDBH,SINDRIBLOCK HUT,0,2,0
SPRD,SINGAPURAM ROAD,0,18,0
SGRM,SINGARAM,0,2,0
SKM,SINGARAYAKONDA,0,29,0
SNPR,SINGARPUR,0,2,0
SNGP,SINGHPUR,0,8,0
SGRL,SINGRAULI,2,10,2
SYQ,SINHAN,0,2,0
SINI,SINI JN,0,20,0
SRJN,SIRAJNAGAR  H,0,2,0
SRY,SIRARI,0,2,0
SRAS,SIRAS,0,1,0
SRO,SIRATHU,0,9,0
SIRD,SIRD,0,2,0
SIR,SIRHIND JN,0,45,0
SRJM,SIRJAM,0,4,0
SY,SIRKAZHI,0,20,0
SRUR,SIRPUR TOWN,0,2,0
SSA,SIRSA,0,6,0
SSKA,SISARKA,0,2,0
SVHE,SISVINHALLI,0,8,0
SBZ,SISWA BAZAR,0,16,0
STBJ,SITABINJ,0,2,0
STPD,SITAFAL MANDI,0,2,0
STLR,SITALPUR,0,4,0
SMI,SITAMARHI,4,8,4
SNM,SITANAGARAM,0,2,0
STP,SITAPUR,0,3,0
SCC,SITAPUR CANT,0,3,0
SPC,SITAPUR CITY,0,2,0
STN,SITARAMPUR,0,14,0
SURI,SIURI,1,14,1
SVGA,SIVAGANGA,0,10,0
SVKS,SIVAKASI,0,6,0
SVN,SIVUNGAON,0,5,0
SWE,SIWAITH,0,2,0
SV,SIWAN JN,0,50,0
SBD,SLEEMANABAD RD,0,6,0
SNC,SNARAYAN CHAPIA,0,4,0
SEP,SODPUR,0,1,0
SOGR,SOGRA,0,4,0
SGP,SOHAGPUR,0,15,0
SLW,SOHWAL,0,9,0
SOD,SOJAT ROAD,0,14,0
SOL,SOLAN,0,6,0
SUR,SOLAPUR JN,7,72,7
SLM,SOMALAPURAM,0,3,0
SOS,SOMESAR,0,6,0
SMWA,SOMESHWARA,0,2,0
SDV,SOMIDEVIPALLE,0,6,0
SMNH,SOMNATH,4,0,4
SPT,SOMPETA,0,30,0
SMNE,SOMTANE,0,4,0
SEB,SON NAGAR,0,14,0
SAD,SONADA,0,4,0
SVH,SONADANGA,0,4,0
SOR,SONAGIR,0,5,0
SI,SONAILI,0,4,0
SXN,SONAKHAN,0,4,0
SBM,SONBARSA KCHERI,0,4,0
SBDR,SONBHADRA,0,5,0
SNV,SONDAD,0,4,0
SNN,SONEGAON,0,2,0
SGD,SONGADH,0,12,0
SONI,SONI,0,2,0
SNP,SONIPAT,0,38,0
SEE,SONPUR JN,0,68,0
SNSL,SONSHELU,0,4,0
SQL,SONTALAI,0,2,0
SWR,SONUA,0,10,0
SNBR,SONUABARI,0,2,0
SWO,SONWARA,0,2,0
SBE,SORBHOG,0,3,0
SORO,SORO,0,20,0
SRNK,SORON,0,2,0
SDGH,SRI DUNGARGARH,0,10,0
KHT,SRI KALAHASTI,0,22,0
CHE,SRIKAKULAM ROAD,0,68,0
SKN,SRIKRISHN NAGAR,0,12,0
SNAR,SRINAGAR,0,2,0
SHAN,SRINIVASA NAGAR,0,1,0
SRGM,SRIRANGAM,0,16,0
SVV,SRIVAIKUNTAM,0,2,0
SVPR,SRIVILLIPUTTUR,0,6,0
SBNM,SUBARNAMRIGI,0,3,0
SFG,SUBEDARGANJ,0,3,0
SBHR,SUBRAHMANYA RD,0,6,0
SZM,SUBZI MANDI,0,33,0
SDMD,SUDAMDIH,0,2,0
SUD,SUDHANI,0,6,0
SDRA,SUDHRANA,0,2,0
SDF,SUDSAR,0,4,0
SGPA,SUGAPAHARI HALT,0,1,0
SSIA,SUISA,0,2,0
SUJH,SUJANGARH,0,6,0
SJNP,SUJANPUR,0,6,0
SKND,SUKINDA ROAD,0,2,0
SN,SUKNA,0,3,0
SUKU,SUKU,0,2,0
SUH,SULEHALLI,0,1,0
SLGE,SULERJAVALGE,0,2,0
SPE,SULLURUPETA,0,33,0
SGG,SULTANGANJ,0,36,0
SLN,SULTANPUR,3,44,3
SQR,SULTANPUR LODI,0,6,0
SHZ,SUMMER HILL,0,6,0
SMRR,SUMRERI,0,3,0
SFM,SUNAM,0,5,0
SFMU,SUNAM UDHAM S W,0,10,0
SRX,SURA NUSSI,0,1,0
SIP,SURAIMANPUR,0,28,0
SRGH,SURAJGARH,0,2,0
SJQ,SURAJPUR ROAD,0,4,0
ST,SURAT,10,211,10
SOG,SURATGARH JN,0,20,0
SL,SURATHKAL,0,18,0
SURL,SURELI,0,1,0
SUNR,SURENDRANAGAR,0,66,0
SRGT,SURENDRANAGAR G,0,13,0
SRRG,SURER,0,2,0
SGBJ,SURGAON BANJARI,0,2,0
SAW,SURIAWAN,0,15,0
SPO,SURPURA,0,2,0
SVA,SUWASRA,0,16,0
SRPJ,SWARUPGANJ,0,6,0
TPY,TADAKALPUDI,0,4,0
TAE,TADALI,0,2,0
TDD,TADEPALLIGUDEM,0,52,0
TU,TADIPATRI,0,30,0
TAA,TADLA PUSAPALLI,0,2,0
TVL,TADWAL,0,6,0
THP,TAHERPUR,0,4,0
TSD,TAHSIL BHADRA,0,2,0
TSF,TAHSIL FATEHPUR,0,2,0
TBR,TAIABPUR,0,2,0
TJP,TAJPUR,0,3,0
TKR,TAKARI,0,11,0
TKHE,TAKARKHEDE,0,4,0
TQA,TAKIA,0,2,0
TKMY,TAKLIMIYA,0,3,0
TSL,TAKSAL,0,2,0
TAKU,TAKU,0,2,0
TLKH,TALAKHAJURI,0,2,0
TLO,TALANDU,0,1,0
TBT,TALBAHAT,0,10,0
TLHR,TALCHER,0,11,0
TLHD,TALCHER ROAD,0,28,0
TGN,TALEGAON,0,14,0
TLE,TALGARIA,0,2,0
TLGP,TALGUPPA,2,0,2
TIT,TALIT,0,2,0
TLJ,TALJHARI,0,4,0
TPND,TALOJA PANCHAND,0,4,0
TLV,TALVADYA,0,6,0
TWB,TALWANDI,0,2,0
TBM,TAMBARAM,2,52,2
TMZ,TAMLUK,0,16,0
TAO,TAMNA,0,2,0
TKU,TANAKALLU,0,1,0
TPU,TANAKPUR,1,0,1
TDO,TANDA URMAR,0,18,0
TDU,TANDUR,0,32,0
TGM,TANGARMUNDA,0,4,0
TGRL,TANGIRIAPAL,0,2,0
TNL,TANGLA,0,4,0
TRA,TANGRA,0,2,0
TNR,TANGUTURU,0,6,0
TKN,TANKUPPA,0,6,0
TNKU,TANUKU,0,18,0
TA,TANUR,0,14,0
TAPA,TAPA,0,18,0
TPZ,TAPRI,0,13,0
TVI,TARADEVI,0,6,0
TAN,TARANA ROAD,0,13,0
TRR,TARAORI,0,6,0
TPF,TARAPITH ROAD,0,4,0
TEA,TAREGNA,0,15,0
TAZ,TARGAON,0,5,0
TGU,TARIGOPPULA,0,3,0
TKE,TARIKERE JN,0,6,0
TLU,TARLUPADU,0,8,0
TRS,TARSARAI,0,4,0
TR,TARUR,0,6,0
TATA,TATANAGAR JN,12,69,13
TBH,TATIBAHAR,0,4,0
TAC,TATICHERLA,0,3,0
TIS,TATISILWAI,0,6,0
TGA,TEGHRA,0,4,0
THA,TEHTA,0,2,0
TKBG,TEKKABIGHA,0,2,0
TQM,TELAM,0,2,0
TELY,TELIA HALT,0,2,0
TELO,TELO,0,3,0
TETA,TELTA,0,6,0
TEL,TENALI JN,0,74,0
TGQ,TENGANMADA,0,6,0
TSI,TENKASI JN,0,6,0
TML,TENMALAI,0,2,0
TTLA,TETELIA,0,2,0
TET,TETULMARI,0,5,0
TKG,THAKURGANJ,0,2,0
TKC,THAKURKUCHI,0,4,0
TKH,THAKURTOTA,0,2,0
TLY,THALASSERY,0,56,0
THEA,THALERA,0,1,0
THKU,THALLAK,0,2,0
TLWA,THALWARA,0,2,0
THAN,THAN JN,0,11,0
THB,THANA BIHPUR JN,0,19,0
THDR,THANDLA RD,0,8,0
TNA,THANE,0,144,0
TJ,THANJAVUR,0,22,0
TAR,THARSA,0,2,0
TGE,THEKERAGURI,0,2,0
THV,THERUBALI,0,18,0
TVR,THIRUVARUR JN,0,16,0
THVM,THIVIM,0,26,0
TOK,THOKUR,0,2,0
TDV,THONDEBHAVI,0,2,0
TCR,THRISUR,0,141,0
THUR,THURIA,0,2,0
TIBI,TIBI,0,2,0
TIHU,TIHU,0,2,0
TKWD,TIKEKARWADI,0,3,0
TKRI,TIKIRI,0,6,0
TKJ,TILAK BRIDGE,0,4,0
TIU,TILARU,0,4,0
TLT,TILATI,0,2,0
TIA,TILAYA,0,2,0
TLD,TILDA NEORA,0,39,0
TDLE,TILDANGA,0,2,0
TLH,TILHAR,0,14,0
TL,TILONIYA,0,5,0
TBN,TIMARNI,0,13,0
TBV,TIMBARVA,0,5,0
TIM,TIMMANACHERLA,0,4,0
TMX,TIMMAPUR,0,4,0
TDH,TINDHARIA,0,2,0
TMV,TINDIVANAM,0,22,0
TPH,TINPAHAR JN,0,14,0
TSK,TINSUKIA JN,0,2,0
TTR,TIPTUR,0,33,0
TUL,TIRALDIH,0,2,0
TP,TIRCHRPALI FORT,0,4,0
TRO,TIRORA,0,17,0
TPJ,TIRUCHCHIRAPALI,2,73,2
TCH,TIRUCHCHULI,0,2,0
TCN,TIRUCHENDUR,1,0,1
TRK,TIRUKOILUR,0,6,0
TMQ,TIRUMANGALAM,0,8,0
TEN,TIRUNELVELI,6,32,7
TUA,TIRUNNAVAYA,0,2,0
TDPR,TIRUPADRIPULYUR,0,20,0
TDN,TIRUPARANKNDRM,0,4,0
TPTY,TIRUPATI,24,43,25
TPT,TIRUPATTUR JN,0,23,0
TUP,TIRUPPUR,0,111,0
TIR,TIRUR,0,66,0
TLM,TIRUSULAM,0,2,0
TTL,TIRUTTANGAL,0,4,0
TRT,TIRUTTANI,0,18,0
TRVL,TIRUVALLA,0,58,0
TRL,TIRUVALLUR,0,21,0
TNM,TIRUVANNAMALAI,0,10,0
TRB,TIRUVERUMBUR,0,2,0
TISI,TISI,0,4,0
TSA,TISUA,0,2,0
TTB,TITABAR,0,4,0
TIG,TITLAGARH,1,48,1
TIW,TIVARI,0,7,0
DJRZ,TO DARJEELING,0,0,2
TDP,TODARPUR,0,2,0
TUN,TOHANA,0,23,0
TMKA,TOMKA,0,2,0
TPQ,TOPOKAL,0,2,0
TNGL,TORANAGALLU,0,18,0
TRAN,TORANG,0,2,0
TORI,TORI,0,21,0
TKQ,TRIKARPUR,0,4,0
TRTR,TRIUPUNITTURA,0,14,0
TVC,TRIVANDRUM CNTL,29,26,29
TVP,TRIVANDRUM PETT,0,17,0
TKBN,TSAKIBANDA,0,3,0
TSR,TSUNDURU,0,3,0
TGL,TUGGALI,0,4,0
TKD,TUGLAKABAD,0,11,0
TGP,TULJAPUR,0,2,0
TK,TUMAKURU,0,52,0
TAT,TUMMANAMGUTTA,0,1,0
TMR,TUMSAR ROAD,0,29,0
TDL,TUNDLA JN,0,92,0
TUNG,TUNG,0,4,0
TUNI,TUNI,0,44,0
TUX,TUNIA,0,4,0
TKB,TUPKADIH,0,2,0
TUVR,TURAVUR,0,11,0
TRKR,TUREKALA ROAD,0,2,0
TKPY,TURKAPALLI,0,2,0
TZR,TURKI ROAD,0,4,0
TME,TUTI MELUR,0,4,0
TN,TUTICORIN,4,0,4
TUV,TUVVUR,0,2,0
TWG,TWINING GANJ,0,6,0
UCA,UCHANA,0,10,0
UAM,UDAGAMANDALAM,2,0,2
UDZ,UDAIPUR CITY,13,1,12
ULG,UDALGURI,0,5,0
UKR,UDALKACHAR,0,4,0
UDGR,UDGIR,0,16,0
UHP,UDHAMPUR,3,34,3
UDN,UDHNA JN,2,26,2
UMS,UDRAMSAR,0,2,0
UDT,UDUMALAIPPETTAI,0,4,0
UD,UDUPI,0,60,0
UVD,UDVADA,0,7,0
UGR,UGAR KHURD,0,4,0
URPR,UGRASENPUR,0,7,0
UJ,UJALVAV,0,6,0
UJH,UJHANI,0,2,0
UJP,UJIARPUR,0,5,0
UJN,UJJAIN JN,1,95,2
USD,UKAI SONGADH,0,7,0
UKH,UKHALI,0,3,0
UKN,UKLANA,0,2,0
UKC,UKSHI,0,4,0
ULNR,ULHASNAGAR,0,6,0
ULL,ULLAL,0,2,0
ULB,ULUBARIA,0,12,0
UTA,UMAR TALI,0,2,0
UM,UMARDASHI,0,2,0
UMR,UMARIA,0,35,0
UBR,UMBARGAM ROAD,0,9,0
UR,UMDANAGAR,0,6,0
UMED,UMED,0,2,0
UMRI,UMRI,0,17,0
UHL,UNA HIMACHAL,2,4,2
UCR,UNCHAHAR JN,0,9,0
UHR,UNCHHERA,0,12,0
UDM,UNDASA MADHAWPU,0,4,0
UNDI,UNDI,0,2,0
UNL,UNHEL,0,2,0
UJA,UNJHA,0,26,0
UNK,UNKAL,0,2,0
ON,UNNAO JN,0,64,0
URD,UNTARE ROAD,0,10,0
URML,UPARMAL,0,2,0
UA,UPLETA,0,2,0
OPL,UPPAL,0,2,0
UAA,UPPALA,0,2,0
UREN,UREN,0,4,0
URGA,URGA,0,2,0
URK,URKURA,0,1,0
URMA,URMA,0,2,0
URI,URULI,0,22,0
USL,USLAPUR,0,29,0
UMD,USMANABAD,0,15,0
UPR,USMANPUR,0,6,0
UTL,UTARLAI,0,4,0
UTD,UTARSANDA,0,3,0
UTR,UTRAHTIA,0,2,0
URN,UTRAN,0,4,0
UKL,UTTUKULI,0,1,0
BDJ,VADAKARA,0,46,0
VDN,VADGAON,0,3,0
WDN,VADGAON NILA,0,3,0
VMD,VADLAMANNADU,0,4,0
VXD,VADOD,0,4,0
BRC,VADODARA JN,1,239,1
VD,VAGDIYA,0,4,0
VBW,VAIBHAVWADI RD,0,8,0
VARD,VAIKOM,0,2,0
VPZ,VAILAPUZHA,0,2,0
VTN,VAITARNA,0,2,0
VAPM,VALAPATTANAM,0,4,0
VV,VALIVADE,0,9,0
VLI,VALLIKUNNU,0,6,0
VLY,VALLIYUR,0,24,0
BL,VALSAD,6,90,6
VBR,VAMBORI,0,6,0
MEJ,VANCHIMANIYACHI,0,33,0
VRN,VANGANUR,0,2,0
VGN,VANGAON,0,7,0
VNRD,VANI ROAD,0,2,0
VN,VANIYAMBADI,0,22,0
VNB,VANIYAMBALAM,0,2,0
VAPI,VAPI,0,120,0
BCY,VARANASI CITY,2,19,2
BSB,VARANASI JN,23,133,23
VNA,VARANGAON,0,5,0
VRE,VAREDIYA,0,3,0
VAK,VARKALASIVAGIRI,0,44,0
VRM,VARNAMA,0,2,0
VTJ,VARTEJ,0,6,0
VVA,VARVALA,0,4,0
VDA,VASAD JN,0,6,0
BSR,VASAI ROAD,0,94,0
VSG,VASCO DA GAMA,7,0,8
VTA,VATVA,0,4,0
VLD,VAYALPAD,0,1,0
VDE,VEDAYAPALEM,0,4,0
VDH,VEDCHHA,0,5,0
VEER,VEER,0,8,0
VDI,VELDURTI,0,2,0
VELI,VELI,0,2,0
VLE,VELLACHERUVU,0,4,0
VLNK,VELLANKANNI,2,0,2
VLR,VELLORE CANT,0,12,0
VML,VEMULAPADU,0,2,0
VDD,VENDODU,0,11,0
VND,VENDRA,0,1,0
VKI,VENKATAGIRI,0,15,0
VKR,VENKATNAGRA,0,6,0
VRL,VERAVAL,3,8,2
VKA,VERKA JN,0,2,0
VTM,VETAPALEM,0,8,0
BHS,VIDISHA,0,62,0
VWA,VIDURASWATTHA,0,2,0
VPDA,VIDYAPATIDHAM,0,2,0
VDS,VIDYASAGAR,0,24,0
VJP,VIJAY PUR,0,4,0
BJP,VIJAYAPURA,3,14,3
BZA,VIJAYAWADA JN,8,254,7
VJPJ,VIJIYPUR JAMMU,0,11,0
VKB,VIKARABAD JN,1,36,1
VKH,VIKHRAN ROAD,0,4,0
VMA,VIKRAMGARH ALOT,0,28,0
VRG,VIKRAMNAGAR,0,4,0
VL,VILAD,0,6,0
VID,VILAVADE,0,6,0
VYK,VILAYATKALAN RD,0,3,0
VI,VILLIANUR,0,2,0
VM,VILLUPURAM JN,2,79,2
BDL,VINDHYACHAL,0,29,0
VINH,VINHERE,0,4,0
VKN,VINUKONDA,0,12,0
VG,VIRAMGAM JN,0,88,0
VRPD,VIRAPANDY ROAD,0,1,0
VP,VIRAPUR,0,5,0
VR,VIRAR,0,10,0
VVM,VIRAVASARAM,0,8,0
VRH,VIRBHADRA,0,2,0
VCN,VIROCHANNAGAR,0,2,0
VRR,VIRPUR,0,9,0
VPT,VIRUDUNAGAR JN,0,55,0
VSKP,VISAKHAPATNAM,31,105,29
VPR,VISAPUR,0,8,0
VNUP,VISHNUPURAM,0,10,0
VRB,VISHRAMBAG,0,1,0
VS,VISHVAMITRI,0,5,0
VNE,VISWANATH CHRLI,0,4,0
VDL,VITHISVARANKOL,0,2,0
VVB,VIVEKA VIHAR,0,2,0
VZM,VIZIANAGRAM JN,0,127,0
VRI,VRIDHACHALAM JN,0,46,0
VYA,VYARA,0,15,0
VYN,VYASNAGAR,0,1,0
WKI,WADAKANCHERI,0,26,0
WC,WADHWAN CITY,0,7,0
WADI,WADI,0,64,0
WDR,WADIARAM,0,6,0
WSA,WADSA,0,6,0
WDLN,WADWAL NAGNATH,0,3,0
WJR,WALAJAH ROAD JN,0,18,0
WNG,WANEGAON,0,4,0
WP,WANGAPALLI,0,2,0
WANI,WANI,0,6,0
WKRC,WANKANER CITY,0,2,0
WKR,WANKANER JN,0,39,0
WPR,WANPARTI ROAD,0,6,0
WSJ,WANSJALIYA,0,8,0
WL,WARANGAL,0,127,0
WR,WARDHA JN,0,63,0
OYR,WARIA,0,9,0
WRS,WARIS ALEGANJ,0,4,0
WRR,WARORA,0,17,0
WOC,WARUD ORANGE CT,0,2,0
WHM,WASHIM,0,26,0
WTR,WATHAR,0,7,0
WZJ,WAZERGANJ,0,2,0
WEL,WELLINGTON,0,4,0
WENA,WENA,0,4,0
WFD,WHITEFIELD,0,13,0
VHGN,WIHIRGAON,0,2,0
WIRR,WIRUR,0,2,0
WRC,WRS COLONY P H,0,2,0
WDM,WYNDHAMGANJ,0,7,0
YG,YADGIR,0,42,0
YKA,YAKUTPURA KCG,0,2,0
YLG,YALVIGI,0,6,0
JAB,YAMUNA BDG AGRA,0,2,0
YJUD,YAMUNANAGAR JUD,0,56,0
YDM,YEDAMANGALA,0,4,0
YY,YEDIYURU,0,4,0
YSI,YEDSHI,0,1,0
YGL,YELGUR,0,2,0
YNK,YELHANKA JN,0,37,0
Y,YELIYUR,0,4,0
YNG,YENUGONDA,0,1,0
YL,YEOLA,0,11,0
YGD,YERRAGUDIPAD,0,2,0
YA,YERRAGUNTLA,0,36,0
YPR,YESVANTPUR JN,42,43,41
YT,YEVAT,0,4,0
YFP,YUSUFPUR,0,16,0
ZBD,ZAFARABAD JN,0,16,0
ZB,ZAHIRABAD,0,16,0
ZNA,ZAMANIA,0,24,0
ZPL,ZANGALAPALLE,0,3,0
ZARP,ZARAP,0,2,0
SKZR,SIRPUR KAGAZNGR,0,81,0
PST,POSOTIA,0,4,0
KCP,KALGUPUR,0,2,0
DIW,DHILWAN,0,1,0
BLDA,BELDA,0,12,0
PB,PUNTAMBA,0,25,0
BHLP,BHULANPUR,0,10,0
SRNR,SRIRAMNAGAR,0,7,0
CRR,KARAGOLA ROAD,0,18,0
KRD,KARAD,0,33,0
NAVI,NEW AMRAVATI,0,4,0
DMC,DHEMAJI,0,2,0
JHN,JAKHIM,0,8,0
BPK,BHUGAON,0,2,0
JRPD,JARAPADA,0,2,0
DHND,DHINDA,0,1,0
BLH,BELGHARIA,0,1,0
DNKL,DHENKANAL,0,37,0
RKSH,RISHIKESH,2,0,2
INJ,INNANJE,0,2,0
DHRR,DHIRERA,0,6,0
